Percentage exceedance,Run-off (-)
0.0547945205479452,22.192159749224672
0.1095890410958904,17.93051446912982
0.16438356164383564,13.188343129700854
0.2191780821917808,12.730549746220058
0.273972602739726,12.457770423715726
0.32876712328767127,12.31502665012175
0.3835616438356164,12.042792517571723
0.4383561643835616,11.766255681953723
0.4931506849315068,11.473291355150824
0.547945205479452,11.451352708560641
0.6027397260273972,11.398864779518957
0.6575342465753425,11.36840748504532
0.7123287671232876,10.871787514279674
0.7671232876712328,10.680280523582041
0.821917808219178,10.523148205986455
0.8767123287671232,10.500059999018184
0.9315068493150684,10.422830849209252
0.9863013698630136,10.28631417889984
1.0410958904109588,10.084609938186908
1.095890410958904,9.92161798620722
1.1506849315068493,9.883493018227956
1.2054794520547945,9.599242496476418
1.2602739726027399,9.465984015587557
1.315068493150685,9.393971231478105
1.36986301369863,9.337078829348282
1.4246575342465753,9.165540521191046
1.4794520547945205,9.161081825980261
1.5342465753424657,9.137372137740071
1.5890410958904109,9.123526796581158
1.643835616438356,9.120878089690834
1.6986301369863015,9.118170635776785
1.7534246575342465,9.102870596382594
1.808219178082192,9.097059569031373
1.8630136986301369,9.081995454841437
1.9178082191780823,8.970895129447365
1.9726027397260273,8.881081043330699
2.0273972602739727,8.873707777031932
2.0821917808219177,8.835749180083894
2.136986301369863,8.783102755668764
2.191780821917808,8.77538127582217
2.246575342465753,8.74311162511782
2.3013698630136985,8.739297768769047
2.356164383561644,8.652708863022406
2.410958904109589,8.564118904037402
2.4657534246575343,8.529019491929706
2.5205479452054798,8.32200643417259
2.5753424657534247,8.261793276185832
2.63013698630137,8.235352875131875
2.684931506849315,8.131437518841732
2.73972602739726,8.108083753464783
2.7945205479452055,8.036012793243238
2.8493150684931505,8.017706920543416
2.904109589041096,8.017085582172507
2.958904109589041,7.998037216626222
3.0136986301369864,7.936240316624661
3.0684931506849313,7.923581853240783
3.1232876712328768,7.827319629732357
3.1780821917808217,7.775269847151923
3.232876712328767,7.741545919120334
3.287671232876712,7.562126273699521
3.3424657534246576,7.555823197459492
3.397260273972603,7.522946110561553
3.4520547945205484,7.494096147243502
3.506849315068493,7.429121211679106
3.5616438356164384,7.40720032648891
3.616438356164384,7.3920060078855645
3.6712328767123292,7.389521684406931
3.7260273972602738,7.344271919870927
3.780821917808219,7.340316388332111
3.8356164383561646,7.312883616527873
3.890410958904109,7.2665728785355785
3.9452054794520546,7.261826331305518
4,7.143826431692488
4.054794520547945,7.075766044069382
4.10958904109589,7.050626505399313
4.164383561643835,6.945389298497265
4.219178082191781,6.861853263981655
4.273972602739726,6.785687287000454
4.328767123287671,6.716910403829405
4.383561643835616,6.673412933908177
4.438356164383562,6.63668117548168
4.493150684931506,6.625206971239232
4.547945205479452,6.6108818903123545
4.602739726027397,6.60509018825197
4.657534246575342,6.588563753141758
4.712328767123288,6.533790099193037
4.767123287671233,6.460173140078282
4.821917808219178,6.454405540071349
4.876712328767123,6.453166075679414
4.931506849315069,6.430616108681537
4.986301369863014,6.409667388512192
5.0410958904109595,6.335788045802764
5.095890410958904,6.299283920918149
5.1506849315068495,6.253268097732538
5.205479452054795,6.249720436080125
5.26027397260274,6.236107271034758
5.315068493150685,6.220672443399337
5.36986301369863,6.214933232512451
5.424657534246576,6.1683484889492215
5.47945205479452,6.1073070673331245
5.534246575342466,6.078655795636003
5.589041095890411,6.036279994829352
5.6438356164383565,6.032200225999883
5.698630136986301,6.0208810818823935
5.7534246575342465,5.986653627193242
5.808219178082192,5.9815037080647695
5.863013698630137,5.933536819977157
5.917808219178082,5.922157836887248
5.972602739726027,5.912636646550368
6.027397260273973,5.912522511365667
6.082191780821917,5.8944951836981865
6.136986301369863,5.884175763771769
6.191780821917808,5.852103708858237
6.2465753424657535,5.846783994485
6.301369863013699,5.835086241280362
6.3561643835616435,5.8203602103933365
6.410958904109589,5.7895639463000945
6.465753424657534,5.783187014929085
6.520547945205479,5.7761424359790645
6.575342465753424,5.74998940322695
6.63013698630137,5.723978661012214
6.684931506849315,5.719869501242027
6.739726027397261,5.710535562029
6.794520547945206,5.708939146962511
6.8493150684931505,5.706122261700541
6.904109589041097,5.693028733028339
6.958904109589041,5.671639924905072
7.013698630136986,5.662422075296662
7.068493150684932,5.605590188276231
7.123287671232877,5.551605036885458
7.178082191780821,5.5092436238053475
7.232876712328768,5.5084831843452235
7.287671232876712,5.494672445984758
7.3424657534246585,5.484721864795913
7.397260273972603,5.46875482892956
7.4520547945205475,5.462601048981117
7.506849315068494,5.460468117035894
7.561643835616438,5.433509788122071
7.616438356164383,5.433260271021218
7.671232876712329,5.421037374483475
7.726027397260274,5.4070902931539475
7.780821917808218,5.385123363583684
7.835616438356165,5.359497287028274
7.890410958904109,5.345691637538826
7.9452054794520555,5.321676103625454
8,5.2789320710453085
8.054794520547945,5.273632766352747
8.10958904109589,5.2535925773374
8.164383561643836,5.249088515676561
8.21917808219178,5.243867825403841
8.273972602739727,5.231242868229204
8.32876712328767,5.226840369644206
8.383561643835616,5.220897784637226
8.438356164383562,5.217692106976129
8.493150684931507,5.20717406258749
8.547945205479452,5.1580379622806
8.602739726027398,5.147850963402595
8.657534246575342,5.146859497728258
8.712328767123289,5.146358462147888
8.767123287671232,5.117234847315108
8.821917808219178,5.104182003042646
8.876712328767123,5.102938731330101
8.931506849315069,5.086861499013476
8.986301369863012,5.071395329766037
9.04109589041096,5.0614373612277515
9.095890410958903,5.047690484812305
9.150684931506849,5.023769415977122
9.205479452054794,4.982562821676036
9.26027397260274,4.969739676598579
9.315068493150685,4.930309236099063
9.36986301369863,4.918550378738317
9.424657534246576,4.901600466112687
9.479452054794521,4.8996124209078005
9.534246575342467,4.88729143588993
9.58904109589041,4.883875080250185
9.643835616438356,4.85034995172577
9.698630136986301,4.840701847065344
9.753424657534246,4.832482814423549
9.808219178082192,4.824059102733955
9.863013698630137,4.823664137997554
9.917808219178083,4.8088028637059805
9.972602739726028,4.782352809000097
10.027397260273972,4.771762595437572
10.082191780821919,4.754965257986305
10.136986301369863,4.75056898999394
10.191780821917808,4.722586944839363
10.246575342465754,4.72207904156112
10.301369863013699,4.694026862055367
10.356164383561643,4.690548465663387
10.41095890410959,4.684794665033693
10.465753424657533,4.68322038871398
10.52054794520548,4.6740527681863355
10.575342465753424,4.667310392377308
10.63013698630137,4.661364510851489
10.684931506849315,4.660637635250287
10.73972602739726,4.660569008548972
10.794520547945204,4.644967436889776
10.849315068493151,4.643063178299691
10.904109589041095,4.6359491735196565
10.95890410958904,4.623916580334642
11.013698630136986,4.62085118848765
11.068493150684931,4.6087485940544095
11.123287671232877,4.601361445553351
11.178082191780822,4.59723056375148
11.232876712328768,4.589342757226159
11.287671232876713,4.582961509552901
11.342465753424658,4.581208788378257
11.397260273972602,4.541059929603212
11.452054794520548,4.5363826542503025
11.506849315068493,4.527357516443102
11.561643835616438,4.521834313294911
11.616438356164384,4.495761848305061
11.67123287671233,4.493498137012998
11.726027397260275,4.489690387627034
11.78082191780822,4.481080366712319
11.835616438356164,4.476517217725219
11.890410958904111,4.4711097526850505
11.945205479452055,4.470363124306357
12,4.465205397184946
12.054794520547945,4.463104100807424
12.10958904109589,4.433776886873308
12.164383561643834,4.4204840082106704
12.219178082191782,4.407887778393135
12.273972602739725,4.403429334816708
12.32876712328767,4.3984742803991
12.383561643835616,4.394306877445112
12.438356164383562,4.391672172113669
12.493150684931507,4.362877459909621
12.547945205479452,4.3530822922722585
12.602739726027398,4.345416924481965
12.657534246575342,4.344921806574
12.712328767123287,4.33280578023662
12.767123287671234,4.31545774226645
12.821917808219178,4.294672037595292
12.876712328767123,4.268049544614878
12.931506849315069,4.264593496456532
12.986301369863012,4.254163061918059
13.041095890410958,4.247216549946764
13.095890410958905,4.243363618366146
13.150684931506849,4.221916170879424
13.205479452054794,4.218903843115439
13.26027397260274,4.21784780557884
13.315068493150687,4.205599739906989
13.36986301369863,4.200689238665394
13.424657534246576,4.1987077471688625
13.479452054794521,4.188230242730046
13.534246575342465,4.173462172623144
13.589041095890412,4.165947916058177
13.643835616438357,4.162495034342085
13.698630136986301,4.139866373375734
13.753424657534246,4.139045716127173
13.808219178082194,4.127194358144493
13.863013698630136,4.109844031455877
13.917808219178083,4.108742516119618
13.972602739726028,4.107937609459903
14.027397260273972,4.102890630051423
14.082191780821917,4.096717887876098
14.136986301369864,4.08620889531583
14.191780821917806,4.056423575452057
14.246575342465754,4.053943076774544
14.301369863013699,4.031967260845512
14.356164383561643,4.031568426602148
14.410958904109588,4.030604377009017
14.465753424657535,4.022203357269241
14.520547945205479,4.013134055377438
14.575342465753424,4.010961801265734
14.63013698630137,3.99766210795455
14.684931506849317,3.9882277959120853
14.73972602739726,3.9844841233760224
14.794520547945206,3.971202466804354
14.849315068493151,3.9686194716901735
14.904109589041095,3.9665945194864816
14.95890410958904,3.9655317767189175
15.013698630136988,3.964094614499389
15.068493150684931,3.956156587186215
15.123287671232877,3.9448697348099726
15.178082191780822,3.9346458828229554
15.232876712328766,3.9299896759867794
15.287671232876713,3.9252566516012273
15.342465753424658,3.9237910834568526
15.397260273972602,3.920503706999262
15.452054794520548,3.8979471283902694
15.506849315068493,3.8938481793683435
15.561643835616437,3.863921162315278
15.616438356164384,3.863141532786914
15.67123287671233,3.853433799532222
15.726027397260273,3.8529165165503527
15.780821917808218,3.851002627664656
15.835616438356166,3.84542883882118
15.890410958904111,3.842219842284633
15.945205479452055,3.821522297807691
16,3.8130276581802027
16.054794520547947,3.8099518351142994
16.10958904109589,3.8096096423733865
16.164383561643834,3.804520199768345
16.21917808219178,3.8037214895100337
16.273972602739725,3.80123908841736
16.328767123287673,3.7984305317373885
16.383561643835616,3.783235068463754
16.43835616438356,3.758992719602431
16.493150684931507,3.754784317341781
16.547945205479454,3.75005469056182
16.602739726027398,3.714397648149108
16.65753424657534,3.7135461020571143
16.71232876712329,3.7063165778021423
16.767123287671232,3.698844216224069
16.821917808219176,3.6441897044475997
16.876712328767123,3.6353931502106716
16.931506849315067,3.6344532849210855
16.986301369863014,3.6316102431178416
17.041095890410958,3.630093549558122
17.095890410958905,3.6254471711837013
17.15068493150685,3.6219542502365307
17.205479452054796,3.584320935009751
17.26027397260274,3.5726297864969387
17.315068493150683,3.5644951879404734
17.36986301369863,3.562804275899583
17.424657534246577,3.5600435492631335
17.47945205479452,3.5581982178910776
17.534246575342465,3.557416084005503
17.589041095890412,3.5544957676910354
17.643835616438356,3.548357016021593
17.698630136986303,3.539502903391936
17.753424657534246,3.521243799381821
17.80821917808219,3.5169866254525237
17.863013698630137,3.513722251245872
17.917808219178085,3.486367497216225
17.972602739726025,3.481194468728306
18.027397260273972,3.4767302379581815
18.08219178082192,3.476077697033203
18.136986301369863,3.4757950884375495
18.191780821917806,3.4744102983805076
18.246575342465754,3.4740776508623834
18.301369863013697,3.4652713503615855
18.356164383561644,3.459166121517993
18.410958904109588,3.4477033613116346
18.465753424657535,3.4259826967289504
18.52054794520548,3.4065719377379673
18.575342465753426,3.4030647129223253
18.63013698630137,3.394062130655568
18.684931506849313,3.379983246727371
18.73972602739726,3.3772357805885704
18.794520547945208,3.377026848186772
18.84931506849315,3.3701001855541106
18.904109589041095,3.3648564409253074
18.958904109589042,3.3612714572194173
19.013698630136986,3.3501415986497225
19.068493150684933,3.3465135927313208
19.123287671232877,3.33531154824622
19.17808219178082,3.3339435698439503
19.232876712328768,3.323198530307874
19.28767123287671,3.3211807505516266
19.342465753424655,3.3194150948437575
19.397260273972602,3.3172742827390795
19.45205479452055,3.311661557035844
19.506849315068493,3.310490160442903
19.561643835616437,3.3090622665876523
19.616438356164384,3.2902419113943813
19.67123287671233,3.2744374452368104
19.726027397260275,3.273363646455933
19.78082191780822,3.272230626238387
19.835616438356166,3.272090578322775
19.89041095890411,3.271727030817934
19.945205479452056,3.2716629182103056
20,3.2716569667141964
20.054794520547944,3.2656327730852297
20.10958904109589,3.264158073709354
20.164383561643838,3.259670221184359
20.21917808219178,3.2548098797189713
20.273972602739725,3.251652436186702
20.328767123287673,3.247201248124269
20.383561643835616,3.2296167759850567
20.43835616438356,3.2279215904209293
20.493150684931507,3.216970269422713
20.54794520547945,3.2114655485867476
20.602739726027398,3.2102413856887875
20.65753424657534,3.2064895219616787
20.712328767123285,3.205307086754002
20.767123287671232,3.1984941914680123
20.82191780821918,3.1981375122225244
20.876712328767123,3.189482551810797
20.931506849315067,3.179162179650113
20.986301369863014,3.178385368171581
21.04109589041096,3.1764370669895676
21.095890410958905,3.168865539055979
21.15068493150685,3.1661317044890556
21.205479452054796,3.1579052966647487
21.26027397260274,3.151190741850587
21.315068493150687,3.148390371435048
21.36986301369863,3.141371491957988
21.424657534246574,3.13770012088099
21.47945205479452,3.1316523276482835
21.53424657534247,3.117930761508209
21.58904109589041,3.116723356609861
21.643835616438356,3.1106949898333567
21.698630136986303,3.0995606318708613
21.753424657534246,3.098074241379937
21.80821917808219,3.0742663137408925
21.863013698630137,3.0740146420767323
21.91780821917808,3.071915590463161
21.972602739726028,3.0627444268879143
22.027397260273972,3.0596027571108086
22.082191780821915,3.058967734385371
22.136986301369863,3.051100069215291
22.19178082191781,3.0500906990177232
22.246575342465754,3.045388325740978
22.301369863013697,3.0428415716305635
22.356164383561644,3.041532353425294
22.41095890410959,3.038174449827142
22.465753424657535,3.0281038102249442
22.52054794520548,3.024728915256827
22.575342465753426,3.016476969511514
22.63013698630137,3.0067351088582845
22.684931506849317,3.001713181108326
22.73972602739726,2.989886135379768
22.794520547945204,2.9898346264359086
22.84931506849315,2.989585328826676
22.904109589041095,2.9844276842612505
22.95890410958904,2.984079785840509
23.013698630136986,2.979888338253106
23.068493150684933,2.9768393366545904
23.123287671232877,2.9731151929098782
23.17808219178082,2.960306136058694
23.232876712328768,2.9522981822585432
23.28767123287671,2.950223495185501
23.34246575342466,2.9420188671265466
23.397260273972602,2.940979811051828
23.45205479452055,2.9070856629881727
23.506849315068493,2.902493449824248
23.56164383561644,2.902448028613111
23.616438356164384,2.8958499679768686
23.671232876712327,2.8829670295692873
23.726027397260275,2.8810718351494073
23.780821917808222,2.8774533964252518
23.835616438356162,2.876452120027814
23.89041095890411,2.87485981795339
23.945205479452056,2.872103024337348
24,2.8663984963682214
24.054794520547944,2.859793432678626
24.10958904109589,2.8465599305790343
24.164383561643834,2.845166788012851
24.21917808219178,2.842520679845443
24.273972602739725,2.839632267186334
24.32876712328767,2.8382567082786467
24.383561643835616,2.836436081929159
24.438356164383563,2.8298542662575334
24.493150684931507,2.826583504890439
24.54794520547945,2.8244601556534574
24.602739726027398,2.824422289079785
24.65753424657534,2.820877026229092
24.71232876712329,2.816076052901727
24.767123287671232,2.815063919485917
24.82191780821918,2.814449890071864
24.876712328767123,2.8108203608785076
24.93150684931507,2.8066510228799277
24.986301369863014,2.8038200216033773
25.041095890410958,2.7924083396582944
25.095890410958905,2.791371743501072
25.150684931506852,2.786641286455361
25.205479452054796,2.771915653537805
25.260273972602736,2.7699850116514386
25.315068493150683,2.7655213298885535
25.36986301369863,2.7606505619893
25.424657534246574,2.7435778488680893
25.47945205479452,2.741241514365225
25.53424657534247,2.7278410172428496
25.589041095890412,2.7223276015995705
25.643835616438356,2.721797270694131
25.6986301369863,2.711991478585777
25.753424657534246,2.7072400742520855
25.808219178082194,2.707012360928782
25.863013698630137,2.698438459220333
25.917808219178085,2.6934020932622493
25.972602739726025,2.6927882453888516
26.027397260273972,2.688047852364515
26.082191780821915,2.687470621792593
26.136986301369863,2.6786049184650778
26.19178082191781,2.675212489113884
26.246575342465757,2.672752781437902
26.301369863013697,2.6561582901042238
26.35616438356164,2.6444596331938657
26.410958904109588,2.6408653911367868
26.465753424657535,2.640095416160973
26.52054794520548,2.639552326989262
26.575342465753426,2.638263948840798
26.630136986301373,2.6362601228573053
26.684931506849313,2.6335009686921618
26.73972602739726,2.633078105669977
26.794520547945204,2.632686624336548
26.84931506849315,2.6310683327084203
26.9041095890411,2.6281795137897093
26.958904109589042,2.6275964164830343
27.013698630136986,2.6226355921987716
27.06849315068493,2.6178304964548484
27.123287671232877,2.616975409320043
27.178082191780824,2.60315484658487
27.232876712328768,2.6030520777902226
27.287671232876715,2.60129515318278
27.342465753424655,2.5978797393937825
27.397260273972602,2.5867551332781424
27.452054794520546,2.585469951421191
27.506849315068493,2.5799155750193377
27.56164383561644,2.579600330435548
27.616438356164387,2.564871002310409
27.671232876712327,2.560046409263135
27.72602739726027,2.556518538002409
27.78082191780822,2.553809266530254
27.835616438356166,2.553497489660602
27.89041095890411,2.54947735183149
27.945205479452056,2.5491318810130745
28.000000000000004,2.546985934391633
28.054794520547944,2.5468703347231014
28.10958904109589,2.546586346206724
28.164383561643834,2.5452070854391065
28.21917808219178,2.5448604892148263
28.27397260273973,2.531141700019153
28.328767123287673,2.526448837023203
28.383561643835613,2.5089069889200237
28.43835616438356,2.5032728920710845
28.493150684931507,2.4976053873620323
28.54794520547945,2.4961592183306593
28.602739726027398,2.4939224648298937
28.657534246575345,2.491022166129917
28.712328767123285,2.489580322576763
28.767123287671232,2.4791182470295983
28.821917808219176,2.4723361621171835
28.876712328767123,2.470328146439117
28.93150684931507,2.46900517135128
28.986301369863014,2.4682853471897412
29.041095890410958,2.4664528137146045
29.0958904109589,2.4625000918088578
29.15068493150685,2.4620724462496506
29.205479452054796,2.4562141593204485
29.26027397260274,2.4504618790749877
29.315068493150687,2.44774749573181
29.369863013698634,2.4427108200397027
29.424657534246574,2.4376556782990293
29.47945205479452,2.4337086291446406
29.534246575342465,2.426535067990754
29.589041095890412,2.425238637348388
29.64383561643836,2.4192997031112533
29.698630136986303,2.4190295296347344
29.753424657534243,2.4061199723451674
29.80821917808219,2.4049778464764735
29.863013698630137,2.3996817391079777
29.91780821917808,2.3967873003510363
29.972602739726028,2.3929617233356337
30.027397260273975,2.3914031673881406
30.082191780821915,2.387830497232143
30.136986301369863,2.3785010188246036
30.191780821917806,2.376331528380801
30.246575342465754,2.373474443949322
30.3013698630137,2.373253252594715
30.356164383561644,2.3668222186641708
30.41095890410959,2.3666686209731242
30.46575342465753,2.3622072698497583
30.52054794520548,2.3596982571185117
30.575342465753426,2.3454861582135536
30.63013698630137,2.339777222832334
30.684931506849317,2.3332832014130203
30.739726027397264,2.328202390221352
30.794520547945204,2.327785248467567
30.849315068493148,2.322973970205808
30.904109589041095,2.322246462841014
30.958904109589042,2.3213401881669893
31.013698630136986,2.320533734141792
31.068493150684933,2.3185719771868847
31.123287671232873,2.31029592073362
31.17808219178082,2.3052253178302045
31.232876712328768,2.30425337785554
31.28767123287671,2.3026440010144364
31.34246575342466,2.299937769182219
31.397260273972606,2.298973615043245
31.452054794520546,2.2927833880460637
31.506849315068493,2.286691390192674
31.561643835616437,2.2851670021213164
31.616438356164384,2.2828922463719246
31.67123287671233,2.2764837042691584
31.726027397260275,2.2740593009159933
31.780821917808222,2.2730704733710234
31.835616438356162,2.2653038830772325
31.89041095890411,2.2640216454174076
31.945205479452056,2.2626478724947536
32,2.2584917489313776
32.054794520547944,2.253558416446675
32.109589041095894,2.2508773757638805
32.16438356164383,2.242653255132521
32.21917808219178,2.2425403558710597
32.273972602739725,2.2385520459776957
32.32876712328767,2.232680318952689
32.38356164383562,2.229733560436648
32.43835616438356,2.21470950646076
32.49315068493151,2.2138544208633983
32.54794520547945,2.212896539259609
32.602739726027394,2.20788500520164
32.657534246575345,2.2034263096823627
32.71232876712329,2.1955020515206076
32.76712328767123,2.1923040951634327
32.821917808219176,2.1850156685956317
32.87671232876712,2.1847304848684868
32.93150684931507,2.1844292565356294
32.986301369863014,2.1818273968061046
33.04109589041096,2.1792420754808393
33.09589041095891,2.1732684720826145
33.15068493150685,2.1720677799978816
33.205479452054796,2.171705351994538
33.26027397260274,2.165037881333214
33.31506849315068,2.161085085467962
33.369863013698634,2.1605378389659533
33.42465753424658,2.154824947751467
33.47945205479452,2.1512399649633966
33.534246575342465,2.147118092933865
33.58904109589041,2.144854414892715
33.64383561643835,2.143447709784108
33.6986301369863,2.1390553030489925
33.75342465753425,2.1374973109237323
33.8082191780822,2.13698553878899
33.863013698630134,2.1332589059445537
33.91780821917808,2.1237678227019057
33.97260273972603,2.1236621005903014
34.02739726027397,2.114614911668734
34.082191780821915,2.1144268424788417
34.136986301369866,2.1120373524377687
34.19178082191781,2.110061783439759
34.24657534246575,2.10863925854116
34.3013698630137,2.1074916575313343
34.35616438356164,2.104556491863094
34.41095890410959,2.1034782376071255
34.465753424657535,2.1030517279325114
34.52054794520548,2.101741058709448
34.57534246575342,2.099202641707416
34.630136986301366,2.0953614318104656
34.68493150684932,2.0884823679364204
34.73972602739726,2.078035061862872
34.794520547945204,2.077536733616234
34.849315068493155,2.076640546334159
34.90410958904109,2.0723120762086125
34.95890410958904,2.066567859439032
35.013698630136986,2.059816118701366
35.06849315068493,2.054059595845117
35.12328767123288,2.050297563240917
35.178082191780824,2.0464522813598798
35.23287671232877,2.046026152162517
35.28767123287671,2.0445992358311726
35.342465753424655,2.035330589139764
35.397260273972606,2.03257699494619
35.45205479452055,2.031028429406568
35.50684931506849,2.0281795832954432
35.561643835616444,2.0230760137321018
35.61643835616438,2.0110520836284658
35.67123287671233,2.0038730278253905
35.726027397260275,2.0001256344290943
35.78082191780822,1.9925484074827937
35.83561643835617,1.9860799367744395
35.89041095890411,1.979180416032227
35.94520547945205,1.9774119443820215
36,1.9605108853472315
36.054794520547944,1.9539073124507185
36.10958904109589,1.9470667851695882
36.16438356164384,1.9429971684111864
36.21917808219178,1.9380888297923469
36.273972602739725,1.9359167730589422
36.32876712328767,1.933106700218507
36.38356164383561,1.9323145603041332
36.43835616438356,1.9305537658699086
36.49315068493151,1.9251413298430604
36.54794520547945,1.9233886436408394
36.602739726027394,1.922533069263177
36.65753424657534,1.917358266012851
36.71232876712329,1.9170915525236354
36.76712328767123,1.904461709887411
36.821917808219176,1.9008356138193427
36.87671232876713,1.8951334866762033
36.93150684931507,1.8883665331069777
36.986301369863014,1.8835477032231136
37.04109589041096,1.8797068080549582
37.0958904109589,1.8663504314180694
37.15068493150685,1.8639233538606004
37.205479452054796,1.8548361471341224
37.26027397260274,1.85470689218879
37.31506849315068,1.8544007566393073
37.36986301369863,1.85137222225083
37.42465753424658,1.8403868264483005
37.47945205479452,1.8375667258538373
37.534246575342465,1.834222583969631
37.589041095890416,1.8329361406802933
37.64383561643835,1.832748916176587
37.6986301369863,1.832655214003799
37.75342465753425,1.8318602833834348
37.80821917808219,1.8294011072556065
37.86301369863014,1.8263009798382783
37.917808219178085,1.8242583346993766
37.97260273972603,1.8241641748575117
38.02739726027397,1.8134694072987445
38.082191780821915,1.8110699721549797
38.136986301369866,1.8049880019118942
38.19178082191781,1.8025691519376532
38.24657534246575,1.8024038952353199
38.301369863013704,1.801580419988932
38.35616438356164,1.7976308866989803
38.410958904109584,1.797238939957529
38.465753424657535,1.7947031054396168
38.52054794520548,1.7883756877882635
38.57534246575342,1.7857972887693534
38.63013698630137,1.7835514140499666
38.68493150684931,1.7738810006274879
38.73972602739726,1.7648366342225335
38.794520547945204,1.7629540099025878
38.84931506849315,1.7548262746159717
38.9041095890411,1.7530565907559166
38.95890410958904,1.7524634564476926
39.013698630136986,1.7508523520821255
39.06849315068493,1.7439736381450617
39.12328767123287,1.742505700459553
39.178082191780824,1.7424743342990232
39.23287671232877,1.73955451748732
39.28767123287671,1.7331441778147878
39.34246575342466,1.7317690897103972
39.3972602739726,1.7245932350208033
39.45205479452055,1.724064445145609
39.50684931506849,1.723099237747838
39.56164383561644,1.713032407476963
39.61643835616439,1.70817153360548
39.67123287671233,1.706152113258757
39.726027397260275,1.701748191044774
39.78082191780822,1.6981483535452189
39.83561643835616,1.695330619391905
39.89041095890411,1.6940509179204806
39.945205479452056,1.6841904319447334
40,1.6786996389880513
40.054794520547944,1.6687288917810796
40.10958904109589,1.6686176601162817
40.16438356164384,1.6625814921885727
40.21917808219178,1.660746666153209
40.273972602739725,1.6592329121379918
40.328767123287676,1.6480541515259972
40.38356164383561,1.6467102323291798
40.43835616438356,1.6426816214833366
40.49315068493151,1.6407077253103588
40.54794520547945,1.6386204715768877
40.6027397260274,1.636331413816558
40.657534246575345,1.6351413421564063
40.71232876712329,1.629028169157661
40.76712328767123,1.6287108324059205
40.821917808219176,1.6283240867176159
40.87671232876712,1.6187521238013036
40.93150684931507,1.6174684480219814
40.986301369863014,1.6128293883862899
41.04109589041096,1.6115503383965164
41.0958904109589,1.6105381594160417
41.150684931506845,1.6101348610803004
41.205479452054796,1.6070968150456757
41.26027397260274,1.6051056459548616
41.31506849315068,1.6049739598644104
41.369863013698634,1.6030052301450208
41.42465753424657,1.6021805953000425
41.47945205479452,1.6005661623430179
41.534246575342465,1.5949467664986732
41.58904109589041,1.5931055140013366
41.64383561643836,1.5905622191372313
41.6986301369863,1.5836225042932208
41.75342465753425,1.5831382918229793
41.80821917808219,1.5786443177156957
41.863013698630134,1.567392883469464
41.917808219178085,1.5663908985728519
41.97260273972603,1.5606055153183143
42.02739726027397,1.5603322395925723
42.08219178082192,1.5591205891594713
42.13698630136986,1.558432543185971
42.19178082191781,1.5579483171954605
42.24657534246575,1.5510546863609518
42.3013698630137,1.5453688538689652
42.35616438356165,1.5417512880757112
42.41095890410959,1.5409694557833413
42.465753424657535,1.5402400425780822
42.52054794520548,1.53884714908513
42.57534246575342,1.537024307038219
42.63013698630137,1.5368057556853765
42.68493150684932,1.5343296565262436
42.73972602739726,1.533019952165155
42.794520547945204,1.532399080251675
42.84931506849315,1.5295409522451813
42.9041095890411,1.5282546254388132
42.95890410958904,1.520461176886554
43.013698630136986,1.5172222962838666
43.06849315068494,1.5167613799132231
43.12328767123288,1.5150267217003917
43.17808219178082,1.510714689711084
43.23287671232877,1.503919264449484
43.28767123287671,1.5020327169805574
43.342465753424655,1.4990108511144
43.397260273972606,1.497387558772482
43.45205479452055,1.4885909985803774
43.50684931506849,1.486634836612922
43.56164383561644,1.4716019405344176
43.61643835616438,1.4707753463140176
43.67123287671233,1.4545142819875916
43.726027397260275,1.4532867637890992
43.78082191780822,1.4529518656145037
43.83561643835616,1.452537330055728
43.890410958904106,1.4520642945395579
43.945205479452056,1.4473274257149074
44,1.4457216116249916
44.054794520547944,1.4344209349375672
44.109589041095894,1.4269611070847248
44.16438356164383,1.426437566786169
44.21917808219178,1.4260296641762438
44.273972602739725,1.4216548189898763
44.32876712328767,1.4206502013954538
44.38356164383562,1.4113757033916745
44.43835616438356,1.4111975533354253
44.49315068493151,1.4086208494314594
44.54794520547945,1.4032684374437243
44.602739726027394,1.391579973226498
44.657534246575345,1.3909203098108354
44.71232876712329,1.3867973945191305
44.76712328767123,1.3825153747716232
44.82191780821918,1.3820962255357314
44.87671232876712,1.3803687676870406
44.93150684931507,1.3753486841089606
44.986301369863014,1.3738081430737579
45.04109589041096,1.3725537649490973
45.09589041095891,1.3648385892799846
45.15068493150685,1.36340269761594
45.20547945205479,1.3621271850447256
45.26027397260274,1.355131950237081
45.31506849315068,1.3543701141803697
45.369863013698634,1.3541422703424322
45.42465753424658,1.3501569358369097
45.47945205479452,1.3454378155124014
45.534246575342465,1.336909719166976
45.58904109589041,1.3348959846177881
45.64383561643835,1.330359830807972
45.6986301369863,1.321982993339676
45.75342465753425,1.3200575099458884
45.80821917808219,1.3165894762271086
45.86301369863014,1.315352567263079
45.91780821917808,1.3052903963800506
45.97260273972603,1.301403122045615
46.02739726027397,1.2919114098919355
46.082191780821915,1.289186451270325
46.136986301369866,1.2862551446751576
46.19178082191781,1.283706311780914
46.24657534246575,1.2798032256580454
46.3013698630137,1.2733789707682734
46.35616438356164,1.269599822213333
46.41095890410959,1.2649057337194027
46.465753424657535,1.2576432561048063
46.52054794520548,1.2548351481537718
46.57534246575342,1.2534270190474799
46.630136986301366,1.2439224358769567
46.68493150684932,1.237840940483048
46.73972602739726,1.2350462599243082
46.794520547945204,1.219562622421678
46.849315068493155,1.2143633904235895
46.9041095890411,1.2088089027052975
46.95890410958904,1.2080891790836485
47.013698630136986,1.205603169333407
47.06849315068493,1.2021260124132525
47.12328767123288,1.201297130206131
47.178082191780824,1.1934251435350447
47.23287671232877,1.1909378837822775
47.28767123287671,1.189745083782523
47.342465753424655,1.1840998544945325
47.397260273972606,1.1755090475532237
47.45205479452055,1.1734049966509237
47.50684931506849,1.1601051312375654
47.561643835616444,1.1596109681462443
47.61643835616438,1.1586628881905106
47.671232876712324,1.155396252384745
47.726027397260275,1.1485281353116992
47.78082191780822,1.142222469953624
47.83561643835617,1.1349559937124862
47.89041095890411,1.1341610991180007
47.94520547945205,1.1311349801158475
48,1.127733082885653
48.054794520547944,1.1200397897862524
48.10958904109589,1.1169273327806826
48.16438356164384,1.116259334691283
48.21917808219178,1.1116822606108885
48.273972602739725,1.1098742146831266
48.32876712328767,1.10750703254464
48.38356164383561,1.1047036916385233
48.43835616438356,1.1013175191648459
48.49315068493151,1.0980375166493903
48.54794520547945,1.0947095815695962
48.6027397260274,1.0817406524191342
48.65753424657534,1.078886509184876
48.71232876712329,1.076949396533895
48.76712328767123,1.0701779666658096
48.821917808219176,1.069292814061781
48.87671232876713,1.0609869000782552
48.93150684931507,1.0597979992571576
48.986301369863014,1.0588246405925745
49.04109589041096,1.0544068377201594
49.0958904109589,1.0540953944073448
49.15068493150685,1.047942507543714
49.205479452054796,1.0279543861599256
49.26027397260274,1.0265808112343366
49.31506849315068,1.0194914060570937
49.36986301369863,1.0136851304728824
49.42465753424658,1.0123515162351169
49.47945205479452,1.0106271044193715
49.534246575342465,1.0093123140671358
49.589041095890416,1.0076557545977103
49.64383561643836,1.0043101575249025
49.698630136986296,1.0040675705238284
49.75342465753425,1.0024619277321785
49.80821917808219,1.0019665322974773
49.86301369863014,0.9969636850738578
49.917808219178085,0.9961847157220266
49.97260273972603,0.9944368606141614
50.02739726027398,0.9938456520493708
50.082191780821915,0.9912634154865743
50.136986301369866,0.9896129815591742
50.19178082191781,0.9834063988385123
50.246575342465746,0.9781494256864621
50.301369863013704,0.9724266697414033
50.35616438356164,0.971874970824639
50.41095890410959,0.9702467073123024
50.465753424657535,0.9685600297654121
50.52054794520547,0.9675955344791707
50.57534246575342,0.9673915184732076
50.630136986301366,0.9648514742212162
50.68493150684932,0.9619503655559596
50.73972602739726,0.9609053772376756
50.79452054794521,0.9512148076163829
50.84931506849315,0.9431870386312169
50.90410958904109,0.941865298089683
50.95890410958904,0.9381711302786875
51.013698630136986,0.9364632651757503
51.06849315068494,0.9335014339474458
51.12328767123287,0.9331942577045249
51.178082191780824,0.9327287723554747
51.23287671232877,0.9278162095135076
51.28767123287671,0.9157211103524511
51.34246575342466,0.9137341866914296
51.3972602739726,0.9132745815578407
51.45205479452055,0.8871345768831339
51.50684931506849,0.8811184864353447
51.56164383561644,0.8792647819067718
51.61643835616439,0.8730549177083877
51.671232876712324,0.8674545627679666
51.726027397260275,0.8668574048477616
51.78082191780822,0.8662190969238507
51.83561643835617,0.8655253423058313
51.89041095890411,0.8641771430050454
51.94520547945205,0.8590238720406215
52,0.8585243259255556
52.054794520547944,0.8575133966630301
52.109589041095894,0.8495576354576039
52.16438356164383,0.8473573875477526
52.21917808219179,0.8454060895938287
52.273972602739725,0.8447523985403027
52.32876712328767,0.844717321369126
52.38356164383562,0.8354908767359523
52.438356164383556,0.8327574210877464
52.493150684931514,0.8222595672281385
52.54794520547945,0.8203055073839423
52.602739726027394,0.8183976987907827
52.657534246575345,0.8165914434748864
52.71232876712328,0.8116273146441796
52.76712328767124,0.8105861982503589
52.821917808219176,0.8103147977771011
52.87671232876713,0.8081277059400689
52.93150684931507,0.8073752267137567
52.98630136986301,0.8047049594312221
53.04109589041096,0.8020793959372112
53.0958904109589,0.7996784402421092
53.15068493150685,0.7896640148185546
53.205479452054796,0.7836535912171994
53.26027397260275,0.7822368672105804
53.31506849315068,0.7780151868268737
53.36986301369863,0.770671638396064
53.42465753424658,0.7666884975042302
53.47945205479452,0.7655269693205982
53.53424657534247,0.7638107135497685
53.58904109589041,0.7528050826095123
53.64383561643835,0.7502700381060152
53.6986301369863,0.7413524966415512
53.75342465753425,0.7411048366740957
53.8082191780822,0.7392075521383542
53.863013698630134,0.738617312020045
53.917808219178085,0.7377925850501023
53.97260273972603,0.7376081950387545
54.02739726027397,0.7365938950920765
54.08219178082192,0.7360446252935918
54.13698630136986,0.7348270482351844
54.19178082191781,0.729107044657896
54.24657534246575,0.7285032848998614
54.30136986301369,0.7269156056731659
54.35616438356165,0.7262179438097858
54.410958904109584,0.7229503811393322
54.465753424657535,0.7203754340702844
54.52054794520548,0.7149682159525723
54.57534246575343,0.7105705355113163
54.630136986301366,0.7078825225523966
54.68493150684931,0.7019975487856821
54.73972602739726,0.701116366465758
54.794520547945204,0.6993759151106733
54.849315068493155,0.6948811452669792
54.90410958904109,0.6943711927584195
54.95890410958905,0.692662941291111
55.013698630136986,0.6917923081152416
55.06849315068493,0.690726819165386
55.12328767123288,0.680861804942043
55.17808219178082,0.6806919141222867
55.232876712328775,0.6782221223433744
55.28767123287671,0.6770806316879969
55.342465753424655,0.6752705049061093
55.397260273972606,0.6728703634213149
55.45205479452054,0.671458098482338
55.50684931506849,0.6688304959099419
55.56164383561644,0.6649258986548652
55.61643835616439,0.661951370591045
55.67123287671233,0.658116912908459
55.72602739726027,0.6541146598800693
55.78082191780822,0.653768859694135
55.83561643835616,0.6521860746697214
55.89041095890411,0.6507582273722443
55.945205479452056,0.6454192615528951
56.00000000000001,0.6416961282388134
56.054794520547944,0.6323460307570319
56.10958904109589,0.6286279988054005
56.16438356164384,0.6277865059028866
56.21917808219178,0.6255325198447705
56.27397260273973,0.6252078347337086
56.32876712328767,0.6250456826407311
56.38356164383561,0.6233673304455856
56.43835616438356,0.6209628583567883
56.49315068493151,0.6198613940728273
56.54794520547946,0.618732084062671
56.602739726027394,0.6187171827326374
56.657534246575345,0.6139340590185702
56.71232876712329,0.6106569128087389
56.767123287671225,0.6099068213515191
56.82191780821918,0.60947709620864
56.87671232876712,0.6055093653397032
56.93150684931507,0.5894504901036444
56.986301369863014,0.5878955338506914
57.041095890410965,0.587523547169466
57.0958904109589,0.586620201308686
57.150684931506845,0.581801943521733
57.205479452054796,0.5736855080387461
57.26027397260274,0.5671346730704334
57.31506849315069,0.557443299245698
57.36986301369863,0.5531299327456739
57.42465753424657,0.5518448754746683
57.47945205479452,0.5467623466119963
57.534246575342465,0.5462055821881767
57.589041095890416,0.5334840295052308
57.64383561643835,0.5324056803393993
57.69863013698631,0.5315562817474291
57.75342465753425,0.5311747189056448
57.80821917808219,0.5257717806116142
57.86301369863014,0.5256626408247491
57.91780821917808,0.5229247032134503
57.97260273972603,0.509721201075374
58.02739726027397,0.5043801276434012
58.082191780821915,0.49762249479652537
58.136986301369866,0.49393874847354036
58.1917808219178,0.49056497107654595
58.24657534246575,0.48840153644072476
58.3013698630137,0.48651905968615106
58.35616438356165,0.48509409967956757
58.41095890410959,0.4807703449393557
58.46575342465753,0.4786746190988478
58.52054794520548,0.46885465704158824
58.57534246575342,0.4683454803188821
58.63013698630137,0.46637169459394934
58.68493150684932,0.46299123718038726
58.73972602739727,0.46059059904103705
58.794520547945204,0.453592269240631
58.84931506849315,0.4476076669911612
58.9041095890411,0.4439140593925521
58.95890410958904,0.43984169350020974
59.01369863013699,0.4383157809060438
59.06849315068493,0.4339913672228958
59.12328767123287,0.4327934113834608
59.178082191780824,0.42936529884711594
59.23287671232876,0.4280655007675426
59.28767123287672,0.41584859013211434
59.342465753424655,0.4148608071579739
59.397260273972606,0.41349504042216273
59.45205479452055,0.4124400458580557
59.506849315068486,0.4093369601447355
59.56164383561644,0.3981745884355838
59.61643835616438,0.39075013011486304
59.67123287671233,0.38927802533555644
59.726027397260275,0.38406002644089754
59.780821917808225,0.38045784592580834
59.83561643835616,0.37809800455730114
59.890410958904106,0.3724835575052466
59.945205479452056,0.36960040570403685
60,0.3694915303592627
60.05479452054795,0.3677810684342324
60.10958904109589,0.3663934595125472
60.16438356164383,0.3650428094015883
60.21917808219178,0.36143406074661566
60.273972602739725,0.3540149427655855
60.328767123287676,0.35376943692384133
60.38356164383561,0.35149691233274194
60.43835616438356,0.35124056469961834
60.49315068493151,0.3487666591985003
60.54794520547945,0.3470940427661202
60.6027397260274,0.34556846523167456
60.65753424657534,0.3452715032404582
60.71232876712329,0.3437362620830068
60.76712328767123,0.342275553627613
60.82191780821918,0.33691322469801094
60.87671232876713,0.335741123206066
60.93150684931506,0.3344821869277561
60.986301369863014,0.33000893571453377
61.04109589041096,0.3290394278206953
61.09589041095891,0.32032236272480497
61.15068493150685,0.3187079512478766
61.20547945205479,0.3156370494021323
61.26027397260274,0.31533964074856535
61.31506849315068,0.3142704781878888
61.369863013698634,0.3127026541620427
61.42465753424658,0.31177091546054847
61.47945205479453,0.3117556933196051
61.534246575342465,0.3098896498471765
61.58904109589041,0.30941980253674245
61.64383561643836,0.3038961576479489
61.698630136986296,0.3022289400003065
61.753424657534254,0.3021593248571739
61.80821917808219,0.30041187281413606
61.863013698630134,0.2991887297710111
61.917808219178085,0.29916380566171585
61.97260273972602,0.29908552750851536
62.02739726027397,0.2981174956795549
62.082191780821915,0.29738928183821267
62.136986301369866,0.2946670727312035
62.19178082191781,0.2938092234401854
62.246575342465746,0.29355342694184483
62.3013698630137,0.2923947221371167
62.35616438356164,0.2912013246529467
62.41095890410959,0.28277072432532346
62.465753424657535,0.2812488222630488
62.520547945205486,0.2801016680570291
62.57534246575342,0.2780691196159758
62.630136986301366,0.2775410423917307
62.68493150684932,0.27724015678119546
62.73972602739726,0.2769445329982494
62.79452054794521,0.27487741726184906
62.84931506849315,0.2721918122701767
62.90410958904109,0.2719878841527277
62.95890410958904,0.27060066702624375
63.013698630136986,0.27050871511276686
63.06849315068494,0.2693892718340019
63.12328767123287,0.266288115688607
63.178082191780824,0.26624804281932213
63.23287671232877,0.26425515761237833
63.287671232876704,0.25978565040188617
63.34246575342466,0.25866053473558503
63.3972602739726,0.25853541281827147
63.45205479452055,0.2571974667843241
63.50684931506849,0.2569274883291768
63.561643835616444,0.2546687420159062
63.61643835616439,0.24473732813462223
63.671232876712324,0.24472386414302044
63.726027397260275,0.2438779270198474
63.78082191780822,0.24387410158107714
63.83561643835617,0.24216494449717
63.89041095890411,0.23976435764845422
63.94520547945205,0.23829195818560844
64,0.23801711963831013
64.05479452054794,0.2372085479053604
64.10958904109589,0.23554115777653808
64.16438356164383,0.23383835708423967
64.21917808219179,0.23161364640324136
64.27397260273973,0.2288905926066941
64.32876712328766,0.22843171556690425
64.38356164383562,0.22585056700909661
64.43835616438356,0.22537679105402172
64.4931506849315,0.2233800835443148
64.54794520547945,0.22194844245937861
64.60273972602741,0.21632460861686034
64.65753424657534,0.2141910340602196
64.71232876712328,0.2139705343895371
64.76712328767124,0.21390501106646775
64.82191780821918,0.21323277218974712
64.87671232876713,0.21045930807573304
64.93150684931507,0.21013220747132616
64.98630136986301,0.20889863867765876
65.04109589041096,0.207341651690043
65.0958904109589,0.2052785219802283
65.15068493150686,0.20176719829026024
65.20547945205479,0.19927944145161633
65.26027397260275,0.19680118032740565
65.31506849315069,0.19070168234499196
65.36986301369862,0.18866950317108083
65.42465753424658,0.18749073070694977
65.47945205479452,0.18537271892985102
65.53424657534246,0.18481195492448443
65.58904109589041,0.18040521073202803
65.64383561643835,0.17896308429542693
65.6986301369863,0.17851270101842084
65.75342465753424,0.17812434820339051
65.8082191780822,0.17635451031153754
65.86301369863014,0.17021839935939215
65.91780821917808,0.16884390138962302
65.97260273972603,0.1673482016310675
66.02739726027397,0.16568423145707073
66.08219178082192,0.15896110419556647
66.13698630136986,0.15847553786299742
66.19178082191782,0.15800904939514576
66.24657534246575,0.15756131285191058
66.3013698630137,0.15616941089632122
66.35616438356165,0.15616344578046967
66.41095890410959,0.15350356521296535
66.46575342465754,0.15349504212498488
66.52054794520548,0.15330270633277993
66.57534246575342,0.1524338933728349
66.63013698630137,0.14674132613001614
66.68493150684931,0.1414182079166238
66.73972602739727,0.13931715507387493
66.7945205479452,0.13472878867828308
66.84931506849315,0.13456652650878465
66.9041095890411,0.13381414467579578
66.95890410958904,0.13283894734325497
67.01369863013699,0.13028341400878807
67.06849315068493,0.12819256174023658
67.12328767123287,0.12681975991879177
67.17808219178082,0.1202640517989999
67.23287671232877,0.11471659603379197
67.2876712328767,0.11326225707890988
67.34246575342466,0.11213834435499692
67.3972602739726,0.10980756023818414
67.45205479452055,0.10884207815540299
67.5068493150685,0.10544200311496968
67.56164383561644,0.1050439623092227
67.6164383561644,0.10415649294565646
67.67123287671232,0.1037545720796686
67.72602739726027,0.0998932172773824
67.78082191780823,0.09702174597185292
67.83561643835615,0.09580502969157072
67.89041095890411,0.09167073958120894
67.94520547945206,0.09072414482973246
68,0.0894938104212747
68.05479452054794,0.08918979587388054
68.10958904109589,0.08910210659912901
68.16438356164383,0.08501228298369402
68.21917808219177,0.08343540041828869
68.27397260273973,0.08077621240778785
68.32876712328768,0.07705240078903283
68.38356164383562,0.07341048951783224
68.43835616438356,0.073336727927164
68.4931506849315,0.07333532981231755
68.54794520547945,0.0729395589837653
68.6027397260274,0.07158772689331959
68.65753424657535,0.07134059383405264
68.71232876712328,0.06769946096662045
68.76712328767123,0.06602967993338602
68.82191780821918,0.06204635209871022
68.87671232876713,0.061526392848246195
68.93150684931507,0.06033852562309384
68.98630136986301,0.05833636637571233
69.04109589041096,0.05743283763919643
69.0958904109589,0.05574698763127318
69.15068493150685,0.05548091524394384
69.2054794520548,0.052715858305437555
69.26027397260273,0.05125837114606448
69.31506849315069,0.04737317589473576
69.36986301369863,0.04675099903980151
69.42465753424656,0.04552803622387475
69.47945205479452,0.043790019796547786
69.53424657534246,0.042950033267311255
69.58904109589041,0.04067628221092068
69.64383561643835,0.039201594225538997
69.69863013698631,0.038511067887386154
69.75342465753425,0.03580414110288604
69.80821917808218,0.035627907044175317
69.86301369863014,0.03489949873110257
69.91780821917808,0.034840389697809664
69.97260273972603,0.03330902307200651
70.02739726027397,0.031011940905611206
70.08219178082193,0.02967948233222148
70.13698630136986,0.027187327782666065
70.1917808219178,0.027146343490884017
70.24657534246576,0.025517541428908094
70.30136986301369,0.025049537525505903
70.35616438356165,0.024109450478589867
70.41095890410959,0.023386670255156432
70.46575342465754,0.022354453843697476
70.52054794520548,0.02044944570349627
70.57534246575342,0.018755011023446285
70.63013698630137,0.017676407048728363
70.68493150684931,0.01738613057789071
70.73972602739727,0.01678475942992312
70.79452054794521,0.015566199599376905
70.84931506849314,0.01554004357881254
70.9041095890411,0.015492751256934974
70.95890410958904,0.014027386431048353
71.01369863013699,0.013155383954536587
71.06849315068493,0.013114374254229642
71.12328767123289,0.012706129039102943
71.17808219178082,0.012516985689303718
71.23287671232876,0.012381256650647925
71.28767123287672,0.011566394455057001
71.34246575342466,0.01132428318544898
71.3972602739726,0.011244871213629779
71.45205479452055,0.011107021332617758
71.5068493150685,0.011089375736281975
71.56164383561644,0.010423111029300434
71.61643835616438,0.009513243804116585
71.67123287671234,0.009228201353889449
71.72602739726027,0.009130297118156145
71.78082191780823,0.00890615002023191
71.83561643835617,0.008842027742108575
71.8904109589041,0.008279512292046985
71.94520547945206,0.007588389378614087
72,0.007444343291284099
72.05479452054794,0.007000309096048133
72.10958904109589,0.006569246076696493
72.16438356164385,0.006204272673713118
72.21917808219177,0.006120220496809417
72.27397260273972,0.005793594560542423
72.32876712328768,0.005348487701561249
72.38356164383562,0.004928529075867997
72.43835616438356,0.004504551175470938
72.4931506849315,0.004429349992757848
72.54794520547945,0.004325933050818965
72.6027397260274,0.004284539008219746
72.65753424657534,0.004242931524043942
72.7123287671233,0.00404917107049833
72.76712328767123,0.0039027013796369067
72.82191780821918,0.0038973785816204076
72.87671232876713,0.0037293797282439787
72.93150684931507,0.003676123386625721
72.98630136986301,0.0032466586872266397
73.04109589041096,0.0031903658615896418
73.0958904109589,0.00309172578847015
73.15068493150685,0.0030404120748126354
73.20547945205479,0.00282601726554404
73.26027397260275,0.002806734509457294
73.31506849315068,0.0027131484136133977
73.36986301369863,0.0027041797686577834
73.42465753424658,0.002599858699456706
73.47945205479452,0.0025955786580998488
73.53424657534246,0.0024700779928939014
73.58904109589041,0.0022500356778969977
73.64383561643835,0.0022095028046827305
73.6986301369863,0.00215754015502688
73.75342465753425,0.002042252980341505
73.8082191780822,0.0019715325079972795
73.86301369863014,0.0019215512731536209
73.91780821917808,0.001876525650840153
73.97260273972603,0.0018128097627253862
74.02739726027397,0.001579978480157862
74.08219178082192,0.0015669059140611494
74.13698630136987,0.001564543917520152
74.1917808219178,0.0015066642524292943
74.24657534246575,0.0015023435641580462
74.3013698630137,0.0013751806300503174
74.35616438356163,0.0013215891673498106
74.41095890410959,0.0012642069580566559
74.46575342465754,0.0012284187682234241
74.52054794520548,0.0011054533273265996
74.57534246575342,0.001055542524493145
74.63013698630137,0.0010053895060452558
74.68493150684932,0.001004439695606955
74.73972602739725,0.000993117363338655
74.79452054794521,0.0009881133012656653
74.84931506849315,0.0009591790176712947
74.9041095890411,0.0008822834753037048
74.95890410958904,0.000771105820081771
75.01369863013699,0.0007581707137685263
75.06849315068493,0.0007406209565267287
75.12328767123287,0.0006937927472285423
75.17808219178083,0.0006690346853087812
75.23287671232876,0.0006424791599034176
75.2876712328767,0.0006227540951895166
75.34246575342466,0.0006188876416199988
75.3972602739726,0.0005613349208967265
75.45205479452055,0.000537879329810663
75.5068493150685,0.0005281585013557642
75.56164383561644,0.0005180291973004122
75.61643835616438,0.00046667315022754717
75.67123287671232,0.00046446650906437184
75.72602739726028,0.0004373012197740074
75.78082191780821,0.0004340968140293403
75.83561643835617,0.0004118513758356041
75.89041095890411,0.00040613938959184996
75.94520547945206,0.00037551532969250917
76,0.0003255294353757816
76.05479452054794,0.0003231671152466134
76.10958904109589,0.0003056465153019096
76.16438356164383,0.00029776513045924586
76.21917808219179,0.0002867106819091614
76.27397260273973,0.0002629775820412388
76.32876712328766,0.0002427060525183322
76.38356164383562,0.00023678662267807306
76.43835616438356,0.0002279751861172006
76.4931506849315,0.00022697676876495
76.54794520547945,0.0002132128525162598
76.60273972602741,0.00021208016685090122
76.65753424657534,0.00018356200494049418
76.71232876712328,0.00016197495378404684
76.76712328767124,0.00015502350864017892
76.82191780821917,0.00014976552975075626
76.87671232876713,0.00014873426243280628
76.93150684931507,0.000128050803753642
76.98630136986301,0.00011450396119211762
77.04109589041096,0.00011332275939080927
77.0958904109589,0.00010843025118407819
77.15068493150685,0.00010375591365079751
77.20547945205479,0.00009436235632349083
77.26027397260275,0.00008932751763353889
77.31506849315069,0.0000790551358392149
77.36986301369862,0.00007618229890642764
77.42465753424658,0.0000723798889812257
77.47945205479452,0.00006961037923612634
77.53424657534246,0.0000623147833415414
77.58904109589041,0.00005514954017189658
77.64383561643837,0.0000531909619679564
77.6986301369863,0.00005049230747152919
77.75342465753424,0.0000434709405801198
77.8082191780822,0.0000403271533138066
77.86301369863014,0.000039502027162242835
77.91780821917808,0.00003847273667856965
77.97260273972603,0.00003712268356371778
78.02739726027397,0.00003662984951314457
78.08219178082192,0.00003522363621746848
78.13698630136986,0.00003036790116419718
78.19178082191782,0.000026838870294616988
78.24657534246575,0.000026056217399136476
78.3013698630137,0.00002590206965654662
78.35616438356165,0.00002470155448857608
78.41095890410958,0.00002457221890512328
78.46575342465754,0.00002319838187370431
78.52054794520548,0.00002175019782888988
78.57534246575342,0.00002132303625626572
78.63013698630137,0.000018723008439282764
78.68493150684932,0.000018657185568074722
78.73972602739727,0.000017141760166550096
78.7945205479452,0.000015700307922536182
78.84931506849315,0.000014890429709649751
78.9041095890411,0.000014527422134867587
78.95890410958904,0.00001306132898521992
79.01369863013699,0.00001195823390738355
79.06849315068493,0.000011103912875687545
79.12328767123287,0.000010681771380743508
79.17808219178082,0.000010387717315913256
79.23287671232877,0.000009111700211328206
79.2876712328767,0.00000895631060759846
79.34246575342466,0.000008342170971871081
79.3972602739726,0.00000785324373075799
79.45205479452055,0.000007246573827490652
79.5068493150685,0.000006356407597223785
79.56164383561644,0.00000581957702477046
79.6164383561644,0.000005490101667625388
79.67123287671232,0.000005055281041088239
79.72602739726027,0.000004439064371053571
79.78082191780823,0.000004059793649760862
79.83561643835615,0.000003957112574880551
79.89041095890411,0.000003526614254691497
79.94520547945206,0.0000031964916713886973
80,0.000003112289752795339
80.05479452054794,0.0000028321525537452186
80.10958904109589,0.000002700392120856156
80.16438356164383,0.0000024602016228839224
80.21917808219177,0.000002287577441501099
80.27397260273973,0.0000021728866448459456
80.32876712328768,0.000001975738333991672
80.38356164383562,0.0000018366466890955258
80.43835616438356,0.00000172622985360231
80.4931506849315,0.0000015985461853362924
80.54794520547945,0.0000015189956769508745
80.6027397260274,0.000001378295314390959
80.65753424657535,0.0000013695300799309973
80.71232876712328,0.0000012371635250218985
80.76712328767123,0.0000011160420277857544
80.82191780821918,0.0000010700128983395252
80.87671232876713,0.0000009620267928766046
80.93150684931507,0.0000008667647197980789
80.98630136986301,0.0000007794492924074618
81.04109589041096,0.0000007476065321832595
81.0958904109589,0.0000006731891291958191
81.15068493150685,0.0000006046735278591763
81.2054794520548,0.00000058146798867126
81.26027397260273,0.000000569596819920927
81.31506849315069,0.0000005459180817798271
81.36986301369863,0.0000005215431553389202
81.42465753424658,0.0000004748121343866696
81.47945205479452,0.00000042335136954731026
81.53424657534246,0.00000038112016813375427
81.58904109589041,0.00000036383563385906314
81.64383561643835,0.00000035362997439566707
81.69863013698631,0.00000031134964234606814
81.75342465753424,0.0000003052949003521195
81.80821917808218,0.00000029277697623130897
81.86301369863014,0.0000002658920848075576
81.91780821917808,0.0000002558537329131878
81.97260273972603,0.0000002432220407984277
82.02739726027397,0.00000023048773486463681
82.08219178082192,0.00000018549374738057184
82.13698630136986,0.0000001852981299732472
82.1917808219178,0.0000001742038807465838
82.24657534246576,0.00000016278950684669178
82.30136986301369,0.00000014059822365207054
82.35616438356165,0.00000013016084951099383
82.41095890410959,0.0000001294034005470553
82.46575342465754,0.0000001238066438621757
82.52054794520548,0.00000012167370117713667
82.57534246575342,0.00000011644353472434848
82.63013698630137,0.00000011358671816718553
82.68493150684931,0.00000011255476119464105
82.73972602739727,0.00000009104414614378635
82.79452054794521,0.00000009027337406579376
82.84931506849314,0.00000008491900098539198
82.9041095890411,0.00000007924607162394197
82.95890410958904,0.0000000645669769491573
83.01369863013699,0.00000006297571940828389
83.06849315068493,0.000000059250326381586234
83.12328767123289,0.000000055284730839516385
83.17808219178082,0.000000046232679389633556
83.23287671232876,0.00000004393254172565437
83.28767123287672,0.000000041336503501327744
83.34246575342465,0.00000003907416014886547
83.3972602739726,0.000000036257699836959164
83.45205479452055,0.000000032385540519618193
83.5068493150685,0.00000003217356112090886
83.56164383561644,0.000000030647806877754067
83.61643835616438,0.00000002883763761393276
83.67123287671234,0.0000000230054344662925
83.72602739726027,0.00000002259750481584796
83.78082191780823,0.000000021380233748190094
83.83561643835617,0.000000020929397878248387
83.8904109589041,0.000000020302939398309938
83.94520547945206,0.000000015766438758281978
84,0.000000014915076209269647
84.05479452054794,0.000000014781637693643167
84.10958904109589,0.000000014649524328739331
84.16438356164385,0.000000012263067566737197
84.21917808219177,0.000000010999685682699704
84.27397260273972,0.000000010404914011623124
84.32876712328768,0.00000001038363627064831
84.38356164383562,0.000000010239244583390839
84.43835616438356,0.000000007789024618395477
84.4931506849315,0.00000000735189060398764
84.54794520547945,0.0000000072585773834473905
84.6027397260274,0.000000007149962123541469
84.65753424657534,0.000000005824654182346394
84.7123287671233,0.000000005533022625551528
84.76712328767123,0.00000000506365987158125
84.82191780821918,0.000000004990199166333768
84.87671232876713,0.0000000041094257273332
84.93150684931507,0.000000004037912597534719
84.98630136986301,0.000000003532462346062367
85.04109589041096,0.0000000034819570636750236
85.0958904109589,0.0000000033366676373309525
85.15068493150685,0.0000000028341148294814207
85.2054794520548,0.0000000024642828595953197
85.26027397260275,0.0000000024293394728868526
85.31506849315068,0.0000000019779527268526077
85.36986301369863,0.0000000017191096233091776
85.42465753424658,0.000000001694855879463257
85.47945205479452,0.0000000013800880194842562
85.53424657534246,0.0000000011992689418053971
85.58904109589041,0.000000001182391691493867
85.64383561643835,0.0000000009628318043078828
85.6986301369863,0.0000000008366226187180643
85.75342465753425,0.0000000008248619623548907
85.8082191780822,0.0000000006716975689264743
85.86301369863014,0.0000000005836367321779739
85.91780821917808,0.00000000057543587343509
85.97260273972603,0.0000000004730962193228293
86.02739726027397,0.0000000004071511187267823
86.08219178082192,0.0000000004014309723241932
86.13698630136987,0.00000000034509878297130764
86.1917808219178,0.00000000028403289982670235
86.24657534246576,0.00000000028004268424138073
86.3013698630137,0.0000000002424656181280255
86.35616438356163,0.00000000019814433628011416
86.41095890410959,0.00000000019536080560916871
86.46575342465754,0.0000000001691540952294987
86.52054794520548,0.00000000013822757161045482
86.57534246575342,0.00000000013628577982476308
86.63013698630137,0.00000000011800517430901858
86.68493150684931,0.00000000009642900681515286
86.73972602739725,0.00000000009507440036239424
86.79452054794521,0.00000000008232192485391577
86.84931506849315,0.0000000000777068206259172
86.9041095890411,0.00000000006632490311120803
86.95890410958904,0.000000000057428689065798245
87.01369863013699,0.00000000004706149675983717
87.06849315068493,0.000000000046268950151056234
87.12328767123287,0.00000000004006286547270308
87.17808219178083,0.00000000003285392743685627
87.23287671232876,0.00000000003227770614709952
87.2876712328767,0.000000000027948277491423493
87.34246575342466,0.00000000002292651111879444
87.3972602739726,0.000000000022517267136907076
87.45205479452055,0.00000000001949701236721855
87.5068493150685,0.00000000001599591814486083
87.56164383561644,0.000000000015708282249438033
87.61643835616438,0.000000000013601320793616092
87.67123287671232,0.000000000011159581861793548
87.72602739726028,0.000000000010958262813696052
87.78082191780821,0.000000000009488424361815783
87.83561643835617,0.000000000007785271794702613
87.89041095890411,0.00000000000764459932224212
87.94520547945206,0.000000000006619224574596744
88,0.000000000005431170664711889
88.05479452054794,0.000000000005332952838694678
88.10958904109589,0.00000000000461764063813922
88.16438356164383,0.000000000004083281924407125
88.21917808219179,0.000000000003720323953707455
88.27397260273972,0.000000000003221314644082815
88.32876712328766,0.0000000000030384425228233727
88.38356164383562,0.000000000002595337093349665
88.43835616438356,0.000000000002247222953930007
88.4931506849315,0.0000000000021240089637445172
88.54794520547945,0.000000000001810643103435036
88.60273972602741,0.0000000000015676863524619923
88.65753424657534,0.0000000000014833041969496983
88.71232876712328,0.0000000000012658562299894725
88.76712328767124,0.000000000001095898781919351
88.82191780821917,0.000000000001035338129829
88.87671232876713,0.0000000000009241383408729392
88.93150684931507,0.0000000000007722120846906575
88.98630136986301,0.0000000000007659489655551239
89.04109589041096,0.0000000000007224752486498147
89.0958904109589,0.000000000000549817464496216
89.15068493150685,0.0000000000005409475590147147
89.20547945205479,0.0000000000005040890398727583
89.26027397260275,0.000000000000384086189166332
89.31506849315069,0.0000000000003789173809821897
89.36986301369862,0.0000000000003516889362419346
89.42465753424658,0.000000000000268158493032282
89.47945205479452,0.00000000000026450173259676896
89.53424657534246,0.0000000000002453742689665287
89.58904109589041,0.00000000000018718335150282587
89.64383561643837,0.00000000000018452336359977628
89.6986301369863,0.0000000000001736684246584299
89.75342465753424,0.0000000000001306319003680527
89.8082191780822,0.0000000000001293418753233687
89.86301369863014,0.00000000000012872673919564655
89.91780821917808,0.00000000000009119245656927606
89.97260273972603,0.0000000000000911517464560805
90.02739726027397,0.00000000000008980147205541428
90.08219178082192,0.00000000000006540684587015719
90.13698630136986,0.00000000000006359675393671046
90.19178082191782,0.00000000000006264654059644994
90.24657534246575,0.000000000000051886357168145405
90.3013698630137,0.00000000000004436909702464702
90.35616438356165,0.000000000000043793279221343924
90.41095890410958,0.000000000000037083765978977376
90.46575342465754,0.0000000000000369739481675894
90.52054794520548,0.00000000000003095366084885306
90.57534246575342,0.000000000000025821918821062585
90.63013698630137,0.00000000000002159408982530474
90.68493150684932,0.00000000000001834603017955951
90.73972602739727,0.000000000000015064452611869167
90.7945205479452,0.000000000000013889351196191334
90.84931506849315,0.000000000000010509199878556228
90.9041095890411,0.000000000000009825352485467825
90.95890410958904,0.000000000000009355307261441373
91.01369863013699,0.000000000000007331363845330356
91.06849315068493,0.000000000000006859967993771758
91.12328767123287,0.00000000000000652680607843122
91.17808219178082,0.000000000000005114452697820284
91.23287671232877,0.000000000000004787928241143769
91.2876712328767,0.000000000000004555412862374845
91.34246575342466,0.000000000000003567902892656303
91.3972602739726,0.0000000000000033410156196217806
91.45205479452055,0.0000000000000031848530878433753
91.5068493150685,0.000000000000002489009387215449
91.56164383561644,0.0000000000000023310734403125944
91.61643835616438,0.000000000000002222579003621768
91.67123287671232,0.0000000000000017363601980398258
91.72602739726028,0.0000000000000016263063497943377
91.78082191780823,0.0000000000000015505054509291096
91.83561643835615,0.0000000000000012113035208451382
91.89041095890411,0.0000000000000011906233752025067
91.94520547945206,0.0000000000000010842735666077667
92,0.0000000000000008450789501603342
92.05479452054794,0.0000000000000007712874721179023
92.10958904109589,0.0000000000000005897333797838091
92.16438356164383,0.0000000000000005600540202338392
92.21917808219177,0.0000000000000004864282717911135
92.27397260273973,0.0000000000000004599382890155539
92.32876712328768,0.0000000000000004114260029011271
92.38356164383562,0.00000000000000039312758696065953
92.43835616438356,0.00000000000000033933771736274444
92.4931506849315,0.00000000000000032095079235222774
92.54794520547945,0.000000000000000287015171767586
92.6027397260274,0.0000000000000002742798097773231
92.65753424657535,0.0000000000000002367256088075752
92.71232876712328,0.00000000000000022393952123338564
92.76712328767124,0.00000000000000020022484256103922
92.82191780821918,0.00000000000000019135029043674457
92.87671232876711,0.00000000000000016514228226590877
92.93150684931507,0.00000000000000015624107566194695
92.98630136986301,0.0000000000000001396789804666098
93.04109589041096,0.00000000000000013349116338137426
93.0958904109589,0.00000000000000011520499356520955
93.15068493150685,0.00000000000000010900364925267577
93.20547945205479,0.00000000000000009751214117419661
93.26027397260273,0.00000000000000009363043419678493
93.31506849315069,0.00000000000000008036821468856648
93.36986301369863,0.00000000000000007604572674498164
93.42465753424658,0.00000000000000006825537955694032
93.47945205479452,0.00000000000000006698333391971418
93.53424657534246,0.00000000000000005606571134356984
93.58904109589041,0.000000000000000053051957292174464
93.64383561643835,0.00000000000000004764114702136196
93.69863013698631,0.00000000000000004691717856147687
93.75342465753424,0.00000000000000003911202953090377
93.8082191780822,0.00000000000000003867934264662935
93.86301369863014,0.00000000000000003370265097568186
93.91780821917808,0.000000000000000033235060891018935
93.97260273972603,0.00000000000000003273133382716617
94.02739726027397,0.00000000000000002728496289578439
94.08219178082192,0.000000000000000027057037390117777
94.13698630136986,0.00000000000000002318517452031299
94.1917808219178,0.000000000000000022834204167482377
94.24657534246576,0.000000000000000019034276899371964
94.30136986301369,0.000000000000000016235564559526525
94.35616438356165,0.00000000000000001617424247693114
94.41095890410959,0.000000000000000013278511627870164
94.46575342465754,0.000000000000000012376595721695696
94.52054794520548,0.00000000000000001128333046180254
94.57534246575342,0.000000000000000009263229277490652
94.63013698630137,0.000000000000000008759140168569094
94.68493150684931,0.000000000000000007871373621882627
94.73972602739727,0.0000000000000000064621261065865916
94.79452054794521,0.000000000000000006112322972879615
94.84931506849314,0.0000000000000000054911544432488815
94.9041095890411,0.00000000000000000450804709312972
94.95890410958904,0.000000000000000004264693429417259
95.01369863013699,0.0000000000000000038306876613399515
95.06849315068493,0.0000000000000000031448610346920264
95.12328767123289,0.000000000000000003064515171414032
95.17808219178082,0.000000000000000002672328239022424
95.23287671232876,0.0000000000000000025297863838456534
95.28767123287672,0.0000000000000000021938881123483553
95.34246575342465,0.000000000000000002081876971161365
95.3972602739726,0.000000000000000001864244383037743
95.45205479452055,0.000000000000000001530479406373741
95.5068493150685,0.0000000000000000014888043294369787
95.56164383561644,0.0000000000000000013007099713080874
95.61643835616438,0.0000000000000000010681765662808745
95.67123287671234,0.0000000000000000010403193354785012
95.72602739726027,0.0000000000000000009080177307757073
95.78082191780823,0.0000000000000000007467914202924422
95.83561643835617,0.0000000000000000007264227481374658
95.8904109589041,0.00000000000000000066087463877999625
95.94520547945206,0.0000000000000000005645056177166665
96,0.0000000000000000005211482103503476
96.05479452054794,0.0000000000000000005070127027586258
96.10958904109589,0.0000000000000000004170366601329144
96.16438356164385,0.00000000000000000036380092153936535
96.21917808219177,0.00000000000000000035378557239467055
96.27397260273972,0.00000000000000000029300363203923847
96.32876712328768,0.0000000000000000002468355089291418
96.38356164383562,0.00000000000000000020576123294111405
96.43835616438356,0.0000000000000000001722057990917063
96.4931506849315,0.00000000000000000014398073523701765
96.54794520547945,0.0000000000000000001201361623943128
96.6027397260274,0.00000000000000000010066674038272138
96.65753424657534,0.0000000000000000000838093972686637
96.7123287671233,0.0000000000000000000703542031407694
96.76712328767123,0.00000000000000000005846669002150989
96.82191780821918,0.00000000000000000004915239138378714
96.87671232876713,0.000000000000000000040787120527761444
96.93150684931507,0.000000000000000000034508534894237324
96.98630136986301,0.00000000000000000002845357329222116
97.04109589041096,0.000000000000000000024685104284690873
97.0958904109589,0.00000000000000000001984952998879902
97.15068493150685,0.000000000000000000017306883793624672
97.2054794520548,0.000000000000000000013851791492384487
97.26027397260275,0.000000000000000000012086678867258675
97.31506849315068,0.00000000000000000000968551345523462
97.36986301369863,0.000000000000000000008439616670853086
97.42465753424658,0.000000000000000000006783039296339306
97.47945205479452,0.00000000000000000000589215922883219
97.53424657534246,0.000000000000000000004734670184090024
97.58904109589042,0.0000000000000000000041130868582291925
97.64383561643835,0.0000000000000000000028708910617953063
97.6986301369863,0.0000000000000000000020036969706814563
97.75342465753425,0.000000000000000000001398356342880491
97.80821917808218,0.0000000000000000000009758283734721445
97.86301369863014,0.0000000000000000000006809349980318238
97.91780821917808,0.0000000000000000000004751387232006524
97.97260273972603,0.0000000000000000000003315279974703116
98.02739726027397,0.00000000000000000000023131616983392394
98.08219178082192,0.00000000000000000000016139159505902175
98.13698630136986,0.00000000000000000000011260216156513082
98.1917808219178,0.00000000000000000000007856053168124992
98.24657534246576,0.00000000000000000000005482933091831808
98.3013698630137,0.000000000000000000000038317600026108665
98.35616438356163,0.00000000000000000000002673996817952015
98.41095890410959,0.00000000000000000000001867020618588433
98.46575342465754,0.000000000000000000000013073862306185979
98.52054794520548,0.000000000000000000000009126518175838875
98.57534246575342,0.0000000000000000000000063672191063873334
98.63013698630137,0.000000000000000000000004445647511840249
98.68493150684931,0.0000000000000000000000031129963682882635
98.73972602739725,0.0000000000000000000000021730900890400357
98.79452054794521,0.0000000000000000000000015166100752038939
98.84931506849315,0.0000000000000000000000010597928907993736
98.9041095890411,0.0000000000000000000000007438255363086609
98.95890410958904,0.0000000000000000000000005340210908936589
99.01369863013699,0.0000000000000000000000003807912467693503
99.06849315068493,0.0000000000000000000000002784304115752647
99.12328767123287,0.00000000000000000000000020013551737764455
99.17808219178083,0.00000000000000000000000014027562644593017
99.23287671232876,0.000000000000000000000000097971245263478
99.28767123287672,0.00000000000000000000000006842436899993042
99.34246575342466,0.0000000000000000000000000479892241271537
99.39726027397259,0.000000000000000000000000035618565909029234
99.45205479452055,0.00000000000000000000000003030321807742628
99.5068493150685,0.000000000000000000000000022056568343391474
99.56164383561644,0.000000000000000000000000015499889326329694
99.61643835616438,0.000000000000000000000000011337965352345068
99.67123287671232,0.000000000000000000000000009368913304473757
99.72602739726028,0.000000000000000000000000006745263987895429
99.78082191780821,0.000000000000000000000000004862369778904039
99.83561643835617,0.000000000000000000000000004070839755296263
99.89041095890411,0.0000000000000000000000000008742129496614142
99.94520547945206,0.0000000000000000000000000006431586704389244
100,0.0000000000000000000000000005305022623171133
