Date,Run-off (-)
1990-01-01,3.016476969511514
1990-01-02,2.9070856629881727
1990-01-03,3.99766210795455
1990-01-04,4.6087485940544095
1990-01-05,5.231242868229204
1990-01-06,4.481080366712319
1990-01-07,3.562804275899583
1990-01-08,2.9898346264359086
1990-01-09,2.616975409320043
1990-01-10,2.320533734141792
1990-01-11,2.144854414892715
1990-01-12,2.2508773757638805
1990-01-13,2.1512399649633966
1990-01-14,1.8883665331069777
1990-01-15,1.6786996389880513
1990-01-16,1.5786443177156957
1990-01-17,1.832748916176587
1990-01-18,2.322973970205808
1990-01-19,2.373253252594715
1990-01-20,2.2851670021213164
1990-01-21,2.1844292565356294
1990-01-22,2.0953614318104656
1990-01-23,2.8958499679768686
1990-01-24,6.036279994829352
1990-01-25,9.92161798620722
1990-01-26,8.783102755668764
1990-01-27,6.335788045802764
1990-01-28,4.88729143588993
1990-01-29,4.883875080250185
1990-01-30,6.454405540071349
1990-01-31,8.529019491929706
1990-02-01,8.74311162511782
1990-02-02,11.473291355150824
1990-02-03,9.465984015587557
1990-02-04,7.340316388332111
1990-02-05,6.409667388512192
1990-02-06,7.998037216626222
1990-02-07,11.451352708560641
1990-02-08,10.422830849209252
1990-02-09,7.555823197459492
1990-02-10,7.562126273699521
1990-02-11,9.120878089690834
1990-02-12,8.873707777031932
1990-02-13,6.533790099193037
1990-02-14,4.982562821676036
1990-02-15,5.117234847315108
1990-02-16,7.494096147243502
1990-02-17,9.102870596382594
1990-02-18,9.097059569031373
1990-02-19,8.036012793243238
1990-02-20,6.236107271034758
1990-02-21,4.782352809000097
1990-02-22,3.920503706999262
1990-02-23,3.3090622665876523
1990-02-24,2.8298542662575334
1990-02-25,2.553497489660602
1990-02-26,2.6927882453888516
1990-02-27,2.5448604892148263
1990-02-28,2.232680318952689
1990-03-01,1.9774119443820215
1990-03-02,1.7976308866989803
1990-03-03,1.6386204715768877
1990-03-04,1.5905622191372313
1990-03-05,1.6592329121379918
1990-03-06,1.5603322395925723
1990-03-07,1.3541422703424322
1990-03-08,1.189745083782523
1990-03-09,1.0544068377201594
1990-03-10,0.9278162095135076
1990-03-11,0.8081277059400689
1990-03-12,0.7413524966415512
1990-03-13,0.7203754340702844
1990-03-14,0.6649258986548652
1990-03-15,0.618732084062671
1990-03-16,0.5878955338506914
1990-03-17,0.6948811452669792
1990-03-18,1.0279543861599256
1990-03-19,1.503919264449484
1990-03-20,5.249088515676561
1990-03-21,8.835749180083894
1990-03-22,8.235352875131875
1990-03-23,8.261793276185832
1990-03-24,9.393971231478105
1990-03-25,8.77538127582217
1990-03-26,8.970895129447365
1990-03-27,9.883493018227956
1990-03-28,7.312883616527873
1990-03-29,5.220897784637226
1990-03-30,4.433776886873308
1990-03-31,5.4070902931539475
1990-04-01,4.824059102733955
1990-04-02,3.7984305317373885
1990-04-03,3.117930761508209
1990-04-04,2.675212489113884
1990-04-05,2.3666686209731242
1990-04-06,2.21470950646076
1990-04-07,2.0038730278253905
1990-04-08,1.7524634564476926
1990-04-09,1.5417512880757112
1990-04-10,1.3753486841089606
1990-04-11,1.2798032256580454
1990-04-12,1.2143633904235895
1990-04-13,1.1840998544945325
1990-04-14,1.8025691519376532
1990-04-15,3.84542883882118
1990-04-16,4.362877459909621
1990-04-17,3.548357016021593
1990-04-18,3.259670221184359
1990-04-19,5.023769415977122
1990-04-20,6.6108818903123545
1990-04-21,6.588563753141758
1990-04-22,5.421037374483475
1990-04-23,4.264593496456532
1990-04-24,3.476077697033203
1990-04-25,2.960306136058694
1990-04-26,2.842520679845443
1990-04-27,3.8099518351142994
1990-04-28,4.667310392377308
1990-04-29,4.21784780557884
1990-04-30,4.139045716127173
1990-05-01,4.053943076774544
1990-05-02,3.481194468728306
1990-05-03,2.902448028613111
1990-05-04,2.489580322576763
1990-05-05,2.171705351994538
1990-05-06,2.0001256344290943
1990-05-07,2.2034263096823627
1990-05-08,2.327785248467567
1990-05-09,3.058967734385371
1990-05-10,3.251652436186702
1990-05-11,2.7699850116514386
1990-05-12,2.4562141593204485
1990-05-13,2.839632267186334
1990-05-14,3.148390371435048
1990-05-15,2.87485981795339
1990-05-16,2.4504618790749877
1990-05-17,2.1236621005903014
1990-05-18,2.0723120762086125
1990-05-19,2.950223495185501
1990-05-20,3.4652713503615855
1990-05-21,3.863921162315278
1990-05-22,7.429121211679106
1990-05-23,8.881081043330699
1990-05-24,6.625206971239232
1990-05-25,4.8996124209078005
1990-05-26,4.188230242730046
1990-05-27,3.5581982178910776
1990-05-28,2.984079785840509
1990-05-29,2.5491318810130745
1990-05-30,2.212896539259609
1990-05-31,1.9359167730589422
1990-06-01,1.701748191044774
1990-06-02,1.4990108511144
1990-06-03,1.3200575099458884
1990-06-04,1.1596109681462443
1990-06-05,1.0136851304728824
1990-06-06,0.8792647819067718
1990-06-07,0.8020793959372112
1990-06-08,0.8165914434748864
1990-06-09,0.7836535912171994
1990-06-10,0.6806919141222867
1990-06-11,0.6139340590185702
1990-06-12,0.5518448754746683
1990-06-13,0.49393874847354036
1990-06-14,0.43984169350020974
1990-06-15,0.38927802533555644
1990-06-16,0.342275553627613
1990-06-17,0.29916380566171585
1990-06-18,0.25866053473558503
1990-06-19,0.22194844245937861
1990-06-20,0.18749073070694977
1990-06-21,0.15616344578046967
1990-06-22,0.12819256174023658
1990-06-23,0.10415649294565646
1990-06-24,0.08501228298369402
1990-06-25,0.06769946096662045
1990-06-26,0.052715858305437555
1990-06-27,0.04067628221092068
1990-06-28,0.031011940905611206
1990-06-29,0.023386670255156432
1990-06-30,0.01738613057789071
1990-07-01,0.012706129039102943
1990-07-02,0.00890615002023191
1990-07-03,0.006204272673713118
1990-07-04,0.004325933050818965
1990-07-05,0.0030404120748126354
1990-07-06,0.0022095028046827305
1990-07-07,0.001579978480157862
1990-07-08,0.0011054533273265996
1990-07-09,0.000771105820081771
1990-07-10,0.000537879329810663
1990-07-11,0.00037551532969250917
1990-07-12,0.0002629775820412388
1990-07-13,0.00018356200494049418
1990-07-14,0.000128050803753642
1990-07-15,0.00008932751763353889
1990-07-16,0.0000623147833415414
1990-07-17,0.0000434709405801198
1990-07-18,0.00003036790116419718
1990-07-19,0.00002132303625626572
1990-07-20,0.000014890429709649751
1990-07-21,0.000010387717315913256
1990-07-22,0.000007246573827490652
1990-07-23,0.000005055281041088239
1990-07-24,0.000003526614254691497
1990-07-25,0.0000024602016228839224
1990-07-26,0.00000172622985360231
1990-07-27,0.0000012371635250218985
1990-07-28,0.0000008667647197980789
1990-07-29,0.0000006046735278591763
1990-07-30,0.00000042335136954731026
1990-07-31,0.0000003052949003521195
1990-08-01,0.00000023048773486463681
1990-08-02,0.00000016278950684669178
1990-08-03,0.00000011358671816718553
1990-08-04,0.00000007924607162394197
1990-08-05,0.000000055284730839516385
1990-08-06,0.00000003907416014886547
1990-08-07,0.00000003217356112090886
1990-08-08,0.00000895631060759846
1990-08-09,0.00000031134964234606814
1990-08-10,0.000000020929397878248387
1990-08-11,0.000000014649524328739331
1990-08-12,0.000000010239244583390839
1990-08-13,0.000000007149962123541469
1990-08-14,0.000000004990199166333768
1990-08-15,0.0000000034819570636750236
1990-08-16,0.0000000024293394728868526
1990-08-17,0.000000001694855879463257
1990-08-18,0.000000001182391691493867
1990-08-19,0.0000000008248619623548907
1990-08-20,0.00000000057543587343509
1990-08-21,0.0000000004014309723241932
1990-08-22,0.00000000028004268424138073
1990-08-23,0.00000000019536080560916871
1990-08-24,0.00000000013628577982476308
1990-08-25,0.00000000009507440036239424
1990-08-26,0.00000000006632490311120803
1990-08-27,0.000000000046268950151056234
1990-08-28,0.00000000003227770614709952
1990-08-29,0.000000000022517267136907076
1990-08-30,0.000000000015708282249438033
1990-08-31,0.000000000010958262813696052
1990-09-01,0.00000000000764459932224212
1990-09-02,0.000000000005332952838694678
1990-09-03,0.000000000003720323953707455
1990-09-04,0.000000000002595337093349665
1990-09-05,0.000000000001810643103435036
1990-09-06,0.0000000000012658562299894725
1990-09-07,0.0000000000009241383408729392
1990-09-08,0.0000000000007659489655551239
1990-09-09,0.000000000000549817464496216
1990-09-10,0.000000000000384086189166332
1990-09-11,0.000000000000268158493032282
1990-09-12,0.00000000000018718335150282587
1990-09-13,0.0000000000001306319003680527
1990-09-14,0.0000000000000911517464560805
1990-09-15,0.00000000000006359675393671046
1990-09-16,0.00000000000004436909702464702
1990-09-17,0.00000000000003095366084885306
1990-09-18,0.00000000000002159408982530474
1990-09-19,0.000000000000015064452611869167
1990-09-20,0.000000000000010509199878556228
1990-09-21,0.000000000000007331363845330356
1990-09-22,0.000000000000005114452697820284
1990-09-23,0.000000000000003567902892656303
1990-09-24,0.000000000000002489009387215449
1990-09-25,0.0000000000000017363601980398258
1990-09-26,0.0000000000000012113035208451382
1990-09-27,0.0000000000000008450789501603342
1990-09-28,0.0000000000000005897333797838091
1990-09-29,0.0000000000000004114260029011271
1990-09-30,0.000000000000000287015171767586
1990-10-01,0.00000000000000020022484256103922
1990-10-02,0.0000000000000001396789804666098
1990-10-03,0.00000000000000009751214117419661
1990-10-04,0.00000000000000006825537955694032
1990-10-05,0.00000000000000004764114702136196
1990-10-06,0.000000000000000033235060891018935
1990-10-07,0.00000000000000002318517452031299
1990-10-08,0.00000000000000001617424247693114
1990-10-09,0.00000000000000001128333046180254
1990-10-10,0.000000000000000007871373621882627
1990-10-11,0.0000000000000000054911544432488815
1990-10-12,0.0000000000000000038306876613399515
1990-10-13,0.000000000000000002672328239022424
1990-10-14,0.000000000000000001864244383037743
1990-10-15,0.0000000000000000013007099713080874
1990-10-16,0.0000000000000000009080177307757073
1990-10-17,0.00000000000000000066087463877999625
1990-10-18,0.0000000000000000005645056177166665
1990-10-19,0.0000000000000000004170366601329144
1990-10-20,0.00000000000000000029300363203923847
1990-10-21,0.00000000000000000020576123294111405
1990-10-22,0.00000000000000000014398073523701765
1990-10-23,0.00000000000000000010066674038272138
1990-10-24,0.0000000000000000000703542031407694
1990-10-25,0.00000000000000000004915239138378714
1990-10-26,0.000000000000000000034508534894237324
1990-10-27,0.000000000000000000024685104284690873
1990-10-28,0.000000000000000000017306883793624672
1990-10-29,0.000000000000000000012086678867258675
1990-10-30,0.000000000000000000008439616670853086
1990-10-31,0.00000000000000000000589215922883219
1990-11-01,0.0000000000000000000041130868582291925
1990-11-02,0.0000000000000000000028708910617953063
1990-11-03,0.0000000000000000000020036969706814563
1990-11-04,0.000000000000000000001398356342880491
1990-11-05,0.0000000000000000000009758283734721445
1990-11-06,0.0000000000000000000006809349980318238
1990-11-07,0.0000000000000000000004751387232006524
1990-11-08,0.0000000000000000000003315279974703116
1990-11-09,0.00000000000000000000023131616983392394
1990-11-10,0.00000000000000000000016139159505902175
1990-11-11,0.00000000000000000000011260216156513082
1990-11-12,0.00000000000000000000007856053168124992
1990-11-13,0.00000000000000000000005482933091831808
1990-11-14,0.000000000000000000000038317600026108665
1990-11-15,0.00000000000000000000002673996817952015
1990-11-16,0.00000000000000000000001867020618588433
1990-11-17,0.000000000000000000000013073862306185979
1990-11-18,0.000000000000000000000009126518175838875
1990-11-19,0.0000000000000000000000063672191063873334
1990-11-20,0.000000000000000000000004445647511840249
1990-11-21,0.0000000000000000000000031129963682882635
1990-11-22,0.0000000000000000000000021730900890400357
1990-11-23,0.0000000000000000000000015166100752038939
1990-11-24,0.0000000000000000000000010597928907993736
1990-11-25,0.0000000000000000000000007438255363086609
1990-11-26,0.0000000000000000000000005340210908936589
1990-11-27,0.0000000000000000000000003807912467693503
1990-11-28,0.0000000000000000000000002784304115752647
1990-11-29,0.00000000000000000000000020013551737764455
1990-11-30,0.00000000000000000000000014027562644593017
1990-12-01,0.000000000000000000000000097971245263478
1990-12-02,0.00000000000000000000000006842436899993042
1990-12-03,0.0000000000000000000000000479892241271537
1990-12-04,0.000000000000000000000000035618565909029234
1990-12-05,0.00000000000000000000000003030321807742628
1990-12-06,0.000000000000000000000000022056568343391474
1990-12-07,0.000000000000000000000000015499889326329694
1990-12-08,0.000000000000000000000000011337965352345068
1990-12-09,0.000000000000000000000000009368913304473757
1990-12-10,0.000000000000000000000000006745263987895429
1990-12-11,0.000000000000000000000000004862369778904039
1990-12-12,0.000000000000000000000000004070839755296263
1990-12-13,0.0000001238066438621757
1990-12-14,0.00009436235632349083
1990-12-15,0.0005180291973004122
1990-12-16,0.000993117363338655
1990-12-17,0.003676123386625721
1990-12-18,0.004284539008219746
1990-12-19,0.0022500356778969977
1990-12-20,0.0009881133012656653
1990-12-21,0.00046446650906437184
1990-12-22,0.0002867106819091614
1990-12-23,0.00006961037923612634
1990-12-24,0.00003662984951314457
1990-12-25,0.000010681771380743508
1990-12-26,0.000000036257699836959164
1990-12-27,0.0000000000000000000000000008742129496614142
1990-12-28,0.0000000000000000000000000006431586704389244
1990-12-29,0.0000000000000000000000000005305022623171133
1990-12-30,0.0000013695300799309973
1990-12-31,0.001564543917520152
1991-01-01,0.0032466586872266397
1991-01-02,0.002042252980341505
1991-01-03,0.001876525650840153
1991-01-04,0.0024700779928939014
1991-01-05,0.002806734509457294
1991-01-06,0.0013215891673498106
1991-01-07,0.00040613938959184996
1991-01-08,0.00015502350864017892
1991-01-09,0.0006424791599034176
1991-01-10,0.0015669059140611494
1991-01-11,0.011107021332617758
1991-01-12,0.027146343490884017
1991-01-13,0.061526392848246195
1991-01-14,0.05743283763919643
1991-01-15,0.04552803622387475
1991-01-16,0.034840389697809664
1991-01-17,0.025517541428908094
1991-01-18,0.017676407048728363
1991-01-19,0.013114374254229642
1991-01-20,0.015492751256934974
1991-01-21,0.011089375736281975
1991-01-22,0.008842027742108575
1991-01-23,0.011244871213629779
1991-01-24,0.007444343291284099
1991-01-25,0.0039027013796369067
1991-01-26,0.0025955786580998488
1991-01-27,0.012381256650647925
1991-01-28,0.09580502969157072
1991-01-29,0.3021593248571739
1991-01-30,0.1414182079166238
1991-01-31,0.17021839935939215
1991-02-01,0.1673482016310675
1991-02-02,0.207341651690043
1991-02-03,0.2571974667843241
1991-02-04,0.42936529884711594
1991-02-05,2.13698553878899
1991-02-06,5.462601048981117
1991-02-07,5.484721864795913
1991-02-08,3.9844841233760224
1991-02-09,3.379983246727371
1991-02-10,3.971202466804354
1991-02-11,3.804520199768345
1991-02-12,4.345416924481965
1991-02-13,3.964094614499389
1991-02-14,3.051100069215291
1991-02-15,2.633078105669977
1991-02-16,3.3172742827390795
1991-02-17,3.6344532849210855
1991-02-18,4.470363124306357
1991-02-19,4.391672172113669
1991-02-20,3.4477033613116346
1991-02-21,2.632686624336548
1991-02-22,2.1850156685956317
1991-02-23,2.099202641707416
1991-02-24,1.9008356138193427
1991-02-25,1.6021805953000425
1991-02-26,1.3725537649490973
1991-02-27,1.2021260124132525
1991-02-28,1.0817406524191342
1991-03-01,1.0597979992571576
1991-03-02,1.0019665322974773
1991-03-03,0.9132745815578407
1991-03-04,0.8454060895938287
1991-03-05,0.8447523985403027
1991-03-06,0.8073752267137567
1991-03-07,0.7105705355113163
1991-03-08,0.6209628583567883
1991-03-09,0.581801943521733
1991-03-10,0.9938456520493708
1991-03-11,2.585469951421191
1991-03-12,3.9655317767189175
1991-03-13,3.311661557035844
1991-03-14,2.564871002310409
1991-03-15,2.721797270694131
1991-03-16,2.5089069889200237
1991-03-17,2.1390553030489925
1991-03-18,1.8134694072987445
1991-03-19,1.5836225042932208
1991-03-20,1.6467102323291798
1991-03-21,1.7317690897103972
1991-03-22,1.6283240867176159
1991-03-23,1.6625814921885727
1991-03-24,1.6051056459548616
1991-03-25,1.4344209349375672
1991-03-26,1.5343296565262436
1991-03-27,1.7508523520821255
1991-03-28,2.2138544208633983
1991-03-29,2.387830497232143
1991-03-30,2.7072400742520855
1991-03-31,2.876452120027814
1991-04-01,2.4682853471897412
1991-04-02,2.147118092933865
1991-04-03,2.426535067990754
1991-04-04,2.698438459220333
1991-04-05,3.4757950884375495
1991-04-06,3.4767302379581815
1991-04-07,2.8244601556534574
1991-04-08,2.229733560436648
1991-04-09,1.832655214003799
1991-04-10,1.5510546863609518
1991-04-11,1.336909719166976
1991-04-12,1.1734049966509237
1991-04-13,1.0265808112343366
1991-04-14,0.8871345768831339
1991-04-15,0.7638107135497685
1991-04-16,0.653768859694135
1991-04-17,0.5531299327456739
1991-04-18,0.46059059904103705
1991-04-19,0.37809800455730114
1991-04-20,0.33691322469801094
1991-04-21,0.29908552750851536
1991-04-22,0.27060066702624375
1991-04-23,0.30941980253674245
1991-04-24,0.7269156056731659
1991-04-25,1.1909378837822775
1991-04-26,1.4086208494314594
1991-04-27,1.73955451748732
1991-04-28,1.8294011072556065
1991-04-29,1.70817153360548
1991-04-30,1.5931055140013366
1991-05-01,2.03257699494619
1991-05-02,2.845166788012851
1991-05-03,3.3501415986497225
1991-05-04,3.3194150948437575
1991-05-05,3.3612714572194173
1991-05-06,2.824422289079785
1991-05-07,2.1955020515206076
1991-05-08,1.7883756877882635
1991-05-09,1.558432543185971
1991-05-10,1.5295409522451813
1991-05-11,1.4032684374437243
1991-05-12,1.1755090475532237
1991-05-13,0.9969636850738578
1991-05-14,0.8590238720406215
1991-05-15,0.7376081950387545
1991-05-16,0.6286279988054005
1991-05-17,0.6099068213515191
1991-05-18,0.9381711302786875
1991-05-19,1.1601051312375654
1991-05-20,1.0043101575249025
1991-05-21,0.9675955344791707
1991-05-22,1.6115503383965164
1991-05-23,2.9731151929098782
1991-05-24,10.871787514279674
1991-05-25,8.017706920543416
1991-05-26,5.217692106976129
1991-05-27,6.453166075679414
1991-05-28,5.047690484812305
1991-05-29,3.394062130655568
1991-05-30,2.4961592183306593
1991-05-31,2.1818273968061046
1991-06-01,2.5867551332781424
1991-06-02,2.4723361621171835
1991-06-03,2.1923040951634327
1991-06-04,1.9605108853472315
1991-06-05,2.0110520836284658
1991-06-06,1.8403868264483005
1991-06-07,1.5020327169805574
1991-06-08,1.2548351481537718
1991-06-09,1.078886509184876
1991-06-10,0.9335014339474458
1991-06-11,0.8203055073839423
1991-06-12,0.729107044657896
1991-06-13,0.6917923081152416
1991-06-14,0.6416961282388134
1991-06-15,0.7360446252935918
1991-06-16,1.7738810006274879
1991-06-17,3.2548098797189713
1991-06-18,2.9522981822585432
1991-06-19,2.161085085467962
1991-06-20,1.713032407476963
1991-06-21,1.4473274257149074
1991-06-22,1.2439224358769567
1991-06-23,1.0980375166493903
1991-06-24,0.9609053772376756
1991-06-25,0.8222595672281385
1991-06-26,0.7019975487856821
1991-06-27,0.6277865059028866
1991-06-28,0.6752705049061093
1991-06-29,0.661951370591045
1991-06-30,0.5229247032134503
1991-07-01,0.4124400458580557
1991-07-02,0.35376943692384133
1991-07-03,0.3142704781878888
1991-07-04,0.2780691196159758
1991-07-05,0.24472386414302044
1991-07-06,0.21390501106646775
1991-07-07,0.18537271892985102
1991-07-08,0.15896110419556647
1991-07-09,0.13456652650878465
1991-07-10,0.11213834435499692
1991-07-11,0.09167073958120894
1991-07-12,0.07333532981231755
1991-07-13,0.05833636637571233
1991-07-14,0.04737317589473576
1991-07-15,0.03489949873110257
1991-07-16,0.024109450478589867
1991-07-17,0.01554004357881254
1991-07-18,0.009130297118156145
1991-07-19,0.004928529075867997
1991-07-20,0.0027041797686577834
1991-07-21,0.0010053895060452558
1991-07-22,0.00023678662267807306
1991-07-23,0.00002319838187370431
1991-07-24,0.00000011255476119464105
1991-07-25,0.0000000000000004864282717911135
1991-07-26,0.00000000000000033933771736274444
1991-07-27,0.0000000000000002367256088075752
1991-07-28,0.00000000000000016514228226590877
1991-07-29,0.00000000000000011520499356520955
1991-07-30,0.00000000000000008036821468856648
1991-07-31,0.00000000000000005606571134356984
1991-08-01,0.00000000000000003911202953090377
1991-08-02,0.00000000000000002728496289578439
1991-08-03,0.000000000000000019034276899371964
1991-08-04,0.000000000000000013278511627870164
1991-08-05,0.000000000000000009263229277490652
1991-08-06,0.0000000000000000064621261065865916
1991-08-07,0.00000000000000000450804709312972
1991-08-08,0.0000000000000000031448610346920264
1991-08-09,0.0000000000000000021938881123483553
1991-08-10,0.000000000000000001530479406373741
1991-08-11,0.0000000000000000010681765662808745
1991-08-12,0.0000000000000000007467914202924422
1991-08-13,0.0000000000000000005211482103503476
1991-08-14,0.00000000000000000036380092153936535
1991-08-15,0.0000018366466890955258
1991-08-16,0.21013220747132616
1991-08-17,2.059816118701366
1991-08-18,2.1144268424788417
1991-08-19,2.989886135379768
1991-08-20,2.707012360928782
1991-08-21,2.0230760137321018
1991-08-22,1.6351413421564063
1991-08-23,1.5579483171954605
1991-08-24,2.2584917489313776
1991-08-25,3.038174449827142
1991-08-26,4.623916580334642
1991-08-27,5.226840369644206
1991-08-28,3.9237910834568526
1991-08-29,2.786641286455361
1991-08-30,2.1732684720826145
1991-08-31,1.797238939957529
1991-09-01,1.5150267217003917
1991-09-02,1.3501569358369097
1991-09-03,1.4260296641762438
1991-09-04,1.3543701141803697
1991-09-05,1.1200397897862524
1991-09-06,0.941865298089683
1991-09-07,0.8105861982503589
1991-09-08,0.6943711927584195
1991-09-09,0.658116912908459
1991-09-10,1.0194914060570937
1991-09-11,1.7439736381450617
1991-09-12,1.7548262746159717
1991-09-13,1.3621271850447256
1991-09-14,1.1485281353116992
1991-09-15,1.0093123140671358
1991-09-16,0.8655253423058313
1991-09-17,0.7411048366740957
1991-09-18,0.6323460307570319
1991-09-19,0.5736855080387461
1991-09-20,0.6993759151106733
1991-09-21,0.844717321369126
1991-09-22,0.770671638396064
1991-09-23,0.6728703634213149
1991-09-24,0.6106569128087389
1991-09-25,0.509721201075374
1991-09-26,0.4093369601447355
1991-09-27,0.35149691233274194
1991-09-28,0.3127026541620427
1991-09-29,0.2769445329982494
1991-09-30,0.2438779270198474
1991-10-01,0.21323277218974712
1991-10-02,0.18481195492448443
1991-10-03,0.15847553786299742
1991-10-04,0.13472878867828308
1991-10-05,0.11471659603379197
1991-10-06,0.0998932172773824
1991-10-07,0.10544200311496968
1991-10-08,0.0894938104212747
1991-10-09,0.07134059383405264
1991-10-10,0.08077621240778785
1991-10-11,0.30041187281413606
1991-10-12,0.8103147977771011
1991-10-13,0.7348270482351844
1991-10-14,1.6841904319447334
1991-10-15,2.5978797393937825
1991-10-16,3.272230626238387
1991-10-17,3.80123908841736
1991-10-18,3.141371491957988
1991-10-19,2.3622072698497583
1991-10-20,1.904461709887411
1991-10-21,1.6128293883862899
1991-10-22,1.6686176601162817
1991-10-23,3.0500906990177232
1991-10-24,3.3701001855541106
1991-10-25,3.9882277959120853
1991-10-26,10.523148205986455
1991-10-27,10.28631417889984
1991-10-28,7.2665728785355785
1991-10-29,4.901600466112687
1991-10-30,4.581208788378257
1991-10-31,3.758992719602431
1991-11-01,3.2064895219616787
1991-11-02,2.6281795137897093
1991-11-03,2.1120373524377687
1991-11-04,1.7947031054396168
1991-11-05,1.85137222225083
1991-11-06,2.4192997031112533
1991-11-07,2.6362601228573053
1991-11-08,2.6934020932622493
1991-11-09,3.2656327730852297
1991-11-10,3.024728915256827
1991-11-11,2.4061199723451674
1991-11-12,2.110061783439759
1991-11-13,2.741241514365225
1991-11-14,4.102890630051423
1991-11-15,4.463104100807424
1991-11-16,3.754784317341781
1991-11-17,3.0067351088582845
1991-11-18,2.639552326989262
1991-11-19,3.2744374452368104
1991-11-20,3.001713181108326
1991-11-21,2.31029592073362
1991-11-22,1.8663504314180694
1991-11-23,1.5949467664986732
1991-11-24,1.3820962255357314
1991-11-25,1.2080891790836485
1991-11-26,1.0609869000782552
1991-11-27,0.9327287723554747
1991-11-28,0.8183976987907827
1991-11-29,0.7149682159525723
1991-11-30,0.6198613940728273
1991-12-01,0.5311747189056448
1991-12-02,0.4476076669911612
1991-12-03,0.3724835575052466
1991-12-04,0.3344821869277561
1991-12-05,0.2991887297710111
1991-12-06,0.266288115688607
1991-12-07,0.23554115777653808
1991-12-08,0.2139705343895371
1991-12-09,0.22537679105402172
1991-12-10,0.2721918122701767
1991-12-11,0.7285032848998614
1991-12-12,1.3803687676870406
1991-12-13,1.3348959846177881
1991-12-14,1.1341610991180007
1991-12-15,1.2733789707682734
1991-12-16,2.328202390221352
1991-12-17,6.249720436080125
1991-12-18,7.827319629732357
1991-12-19,9.137372137740071
1991-12-20,9.123526796581158
1991-12-21,5.8944951836981865
1991-12-22,3.9252566516012273
1991-12-23,3.3648564409253074
1991-12-24,3.179162179650113
1991-12-25,2.638263948840798
1991-12-26,2.10863925854116
1991-12-27,1.7648366342225335
1991-12-28,1.5402400425780822
1991-12-29,1.85470689218879
1991-12-30,5.494672445984758
1991-12-31,9.337078829348282
1992-01-01,6.716910403829405
1992-01-02,5.20717406258749
1992-01-03,3.9448697348099726
1992-01-04,3.584320935009751
1992-01-05,4.268049544614878
1992-01-06,4.661364510851489
1992-01-07,4.031967260845512
1992-01-08,3.168865539055979
1992-01-09,2.6408653911367868
1992-01-10,2.4976053873620323
1992-01-11,2.1847304848684868
1992-01-12,1.8318602833834348
1992-01-13,1.6287108324059205
1992-01-14,1.4457216116249916
1992-01-15,1.2576432561048063
1992-01-16,1.1047036916385233
1992-01-17,0.9781494256864621
1992-01-18,0.8668574048477616
1992-01-19,0.7666884975042302
1992-01-20,0.690726819165386
1992-01-21,0.8116273146441796
1992-01-22,1.6174684480219814
1992-01-23,2.820877026229092
1992-01-24,4.465205397184946
1992-01-25,5.146859497728258
1992-01-26,3.956156587186215
1992-01-27,2.8774533964252518
1992-01-28,2.299937769182219
1992-01-29,1.9539073124507185
1992-01-30,1.695330619391905
1992-01-31,1.6981483535452189
1992-02-01,2.640095416160973
1992-02-02,3.0742663137408925
1992-02-03,4.173462172623144
1992-02-04,9.161081825980261
1992-02-05,8.564118904037402
1992-02-06,6.1073070673331245
1992-02-07,5.102938731330101
1992-02-08,4.243363618366146
1992-02-09,3.539502903391936
1992-02-10,3.2279215904209293
1992-02-11,2.9768393366545904
1992-02-12,2.6178304964548484
1992-02-13,2.3596982571185117
1992-02-14,2.4427108200397027
1992-02-15,2.30425337785554
1992-02-16,2.242653255132521
1992-02-17,3.247201248124269
1992-02-18,3.310490160442903
1992-02-19,2.7278410172428496
1992-02-20,2.3185719771868847
1992-02-21,2.050297563240917
1992-02-22,1.9323145603041332
1992-02-23,2.814449890071864
1992-02-24,6.253268097732538
1992-02-25,6.032200225999883
1992-02-26,4.495761848305061
1992-02-27,3.5644951879404734
1992-02-28,3.0281038102249442
1992-02-29,2.6226355921987716
1992-03-01,2.298973615043245
1992-03-02,2.031028429406568
1992-03-03,1.8024038952353199
1992-03-04,1.6030052301450208
1992-03-05,1.426437566786169
1992-03-06,1.4716019405344176
1992-03-07,2.553809266530254
1992-03-08,3.8130276581802027
1992-03-09,5.433260271021218
1992-03-10,5.071395329766037
1992-03-11,4.75056898999394
1992-03-12,4.218903843115439
1992-03-13,4.601361445553351
1992-03-14,6.673412933908177
1992-03-15,9.118170635776785
1992-03-16,7.923581853240783
1992-03-17,5.7761424359790645
1992-03-18,4.403429334816708
1992-03-19,3.9686194716901735
1992-03-20,5.551605036885458
1992-03-21,6.945389298497265
1992-03-22,5.912636646550368
1992-03-23,5.5092436238053475
1992-03-24,4.62085118848765
1992-03-25,3.783235068463754
1992-03-26,3.557416084005503
1992-03-27,4.85034995172577
1992-03-28,5.2789320710453085
1992-03-29,4.644967436889776
1992-03-30,3.8037214895100337
1992-03-31,3.2114655485867476
1992-04-01,2.7655213298885535
1992-04-02,2.3996817391079777
1992-04-03,2.143447709784108
1992-04-04,2.104556491863094
1992-04-05,2.0464522813598798
1992-04-06,1.8329361406802933
1992-04-07,1.6005661623430179
1992-04-08,1.4206502013954538
1992-04-09,1.289186451270325
1992-04-10,1.155396252384745
1992-04-11,1.0123515162351169
1992-04-12,0.8811184864353447
1992-04-13,0.7780151868268737
1992-04-14,0.7078825225523966
1992-04-15,0.701116366465758
1992-04-16,0.971874970824639
1992-04-17,1.330359830807972
1992-04-18,1.629028169157661
1992-04-19,1.6049739598644104
1992-04-20,1.3867973945191305
1992-04-21,1.5409694557833413
1992-04-22,2.470328146439117
1992-04-23,3.5169866254525237
1992-04-24,3.2716629182103056
1992-04-25,2.672752781437902
1992-04-26,2.3967873003510363
1992-04-27,2.6275964164830343
1992-04-28,2.579600330435548
1992-04-29,2.2425403558710597
1992-04-30,1.9470667851695882
1992-05-01,1.7245932350208033
1992-05-02,1.532399080251675
1992-05-03,1.3825153747716232
1992-05-04,1.321982993339676
1992-05-05,1.219562622421678
1992-05-06,1.10750703254464
1992-05-07,1.2088089027052975
1992-05-08,1.36340269761594
1992-05-09,1.5172222962838666
1992-05-10,1.4529518656145037
1992-05-11,1.2350462599243082
1992-05-12,1.069292814061781
1992-05-13,0.9431870386312169
1992-05-14,0.8354908767359523
1992-05-15,0.7365938950920765
1992-05-16,0.6688304959099419
1992-05-17,0.6055093653397032
1992-05-18,0.5462055821881767
1992-05-19,0.49056497107654595
1992-05-20,0.4383157809060438
1992-05-21,0.39075013011486304
1992-05-22,0.35124056469961834
1992-05-23,0.3098896498471765
1992-05-24,0.2693892718340019
1992-05-25,0.23161364640324136
1992-05-26,0.19680118032740565
1992-05-27,0.16568423145707073
1992-05-28,0.15330270633277993
1992-05-29,0.2141910340602196
1992-05-30,0.27724015678119546
1992-05-31,0.27050871511276686
1992-06-01,0.2981174956795549
1992-06-02,0.27487741726184906
1992-06-03,0.24216494449717
1992-06-04,0.21045930807573304
1992-06-05,0.18040521073202803
1992-06-06,0.1524338933728349
1992-06-07,0.12681975991879177
1992-06-08,0.1037545720796686
1992-06-09,0.08343540041828869
1992-06-10,0.06602967993338602
1992-06-11,0.05125837114606448
1992-06-12,0.039201594225538997
1992-06-13,0.02967948233222148
1992-06-14,0.022354453843697476
1992-06-15,0.01678475942992312
1992-06-16,0.012516985689303718
1992-06-17,0.009228201353889449
1992-06-18,0.007000309096048133
1992-06-19,0.006120220496809417
1992-06-20,0.004429349992757848
1992-06-21,0.00309172578847015
1992-06-22,0.00215754015502688
1992-06-23,0.0015066642524292943
1992-06-24,0.001055542524493145
1992-06-25,0.0007581707137685263
1992-06-26,0.0006227540951895166
1992-06-27,0.0005613349208967265
1992-06-28,0.0004118513758356041
1992-06-29,0.00029776513045924586
1992-06-30,0.00021208016685090122
1992-07-01,0.00014976552975075626
1992-07-02,0.00010843025118407819
1992-07-03,0.00007618229890642764
1992-07-04,0.0000531909619679564
1992-07-05,0.00003712268356371778
1992-07-06,0.00002590206965654662
1992-07-07,0.000018657185568074722
1992-07-08,0.000015700307922536182
1992-07-09,0.000014527422134867587
1992-07-10,0.00002175019782888988
1992-07-11,0.000026056217399136476
1992-07-12,0.000011103912875687545
1992-07-13,0.00000785324373075799
1992-07-14,0.000005490101667625388
1992-07-15,0.000003957112574880551
1992-07-16,0.0000031964916713886973
1992-07-17,0.000002287577441501099
1992-07-18,0.0000015985461853362924
1992-07-19,0.0000011160420277857544
1992-07-20,0.0000007794492924074618
1992-07-21,0.0000005459180817798271
1992-07-22,0.00000038112016813375427
1992-07-23,0.0000002658920848075576
1992-07-24,0.00000018549374738057184
1992-07-25,0.0000001294034005470553
1992-07-26,0.00000009027337406579376
1992-07-27,0.00000006297571940828389
1992-07-28,0.00000004393254172565437
1992-07-29,0.000000030647806877754067
1992-07-30,0.000000021380233748190094
1992-07-31,0.000000014915076209269647
1992-08-01,0.000000010404914011623124
1992-08-02,0.0000000072585773834473905
1992-08-03,0.00000000506365987158125
1992-08-04,0.000000003532462346062367
1992-08-05,0.0000000024642828595953197
1992-08-06,0.0000000017191096233091776
1992-08-07,0.0000000011992689418053971
1992-08-08,0.0000000008366226187180643
1992-08-09,0.0000000005836367321779739
1992-08-10,0.0000000004071511187267823
1992-08-11,0.00000000028403289982670235
1992-08-12,0.00000000019814433628011416
1992-08-13,0.00000000013822757161045482
1992-08-14,0.00000000009642900681515286
1992-08-15,0.0000000000777068206259172
1992-08-16,0.00011450396119211762
1992-08-17,0.000039502027162242835
1992-08-18,0.00000058146798867126
1992-08-19,0.00000000004706149675983717
1992-08-20,0.00000000003285392743685627
1992-08-21,0.00000000002292651111879444
1992-08-22,0.00000000001599591814486083
1992-08-23,0.000000000011159581861793548
1992-08-24,0.000000000007785271794702613
1992-08-25,0.000000000005431170664711889
1992-08-26,0.000000000004083281924407125
1992-08-27,0.00000011644353472434848
1992-08-28,0.0000000000030384425228233727
1992-08-29,0.0000000000021240089637445172
1992-08-30,0.0000000000014833041969496983
1992-08-31,0.000000000001035338129829
1992-09-01,0.0000000000007224752486498147
1992-09-02,0.0000000000005040890398727583
1992-09-03,0.0000000000003516889362419346
1992-09-04,0.0000000000002453742689665287
1992-09-05,0.0000000000001736684246584299
1992-09-06,0.0000000000001293418753233687
1992-09-07,0.00000000000009119245656927606
1992-09-08,0.00000000000006540684587015719
1992-09-09,0.000000000000051886357168145405
1992-09-10,0.0000000000000369739481675894
1992-09-11,0.000000000000025821918821062585
1992-09-12,0.00000000000001834603017955951
1992-09-13,0.000000000000013889351196191334
1992-09-14,0.000000000000009825352485467825
1992-09-15,0.000000000000006859967993771758
1992-09-16,0.000000000000004787928241143769
1992-09-17,0.0000000000000033410156196217806
1992-09-18,0.0000000000000023310734403125944
1992-09-19,0.0000000000000016263063497943377
1992-09-20,0.0000000000000011906233752025067
1992-09-21,0.000002700392120856156
1992-09-22,0.009513243804116585
1992-09-23,0.011566394455057001
1992-09-24,0.006569246076696493
1992-09-25,0.0031903658615896418
1992-09-26,0.0012284187682234241
1992-09-27,0.0003231671152466134
1992-09-28,0.0000403271533138066
1992-09-29,0.000000569596819920927
1992-09-30,0.0000000000000004599382890155539
1992-10-01,0.00000000000000032095079235222774
1992-10-02,0.00000000000000022393952123338564
1992-10-03,0.00000000000000015624107566194695
1992-10-04,0.00000000000000010900364925267577
1992-10-05,0.00000000000000007604572674498164
1992-10-06,0.000000000000000053051957292174464
1992-10-07,0.00000000000000003867934264662935
1992-10-08,0.00000000000000003370265097568186
1992-10-09,0.000000000000000027057037390117777
1992-10-10,0.0000000230054344662925
1992-10-11,0.004242931524043942
1992-10-12,0.8585243259255556
1992-10-13,4.022203357269241
1992-10-14,4.030604377009017
1992-10-15,2.8038200216033773
1992-10-16,3.098074241379937
1992-10-17,8.739297768769047
1992-10-18,7.389521684406931
1992-10-19,6.220672443399337
1992-10-20,4.4204840082106704
1992-10-21,3.1316523276482835
1992-10-22,2.5032728920710845
1992-10-23,2.5468703347231014
1992-10-24,2.826583504890439
1992-10-25,4.107937609459903
1992-10-26,4.823664137997554
1992-10-27,3.75005469056182
1992-10-28,2.711991478585777
1992-10-29,2.1374973109237323
1992-10-30,1.7835514140499666
1992-10-31,1.5167613799132231
1992-11-01,1.3052903963800506
1992-11-02,1.1311349801158475
1992-11-03,0.9834063988385123
1992-11-04,0.8575133966630301
1992-11-05,0.9685600297654121
1992-11-06,2.1034782376071255
1992-11-07,2.4620724462496506
1992-11-08,2.556518538002409
1992-11-09,5.922157836887248
1992-11-10,7.522946110561553
1992-11-11,5.46875482892956
1992-11-12,5.0614373612277515
1992-11-13,4.59723056375148
1992-11-14,3.4740776508623834
1992-11-15,2.60315484658487
1992-11-16,2.1030517279325114
1992-11-17,1.801580419988932
1992-11-18,1.6687288917810796
1992-11-19,1.497387558772482
1992-11-20,1.283706311780914
1992-11-21,1.1116822606108885
1992-11-22,0.9724266697414033
1992-11-23,0.8495576354576039
1992-11-24,0.7392075521383542
1992-11-25,0.7822368672105804
1992-11-26,1.5606055153183143
1992-11-27,2.3914031673881406
1992-11-28,2.872103024337348
1992-11-29,4.541059929603212
1992-11-30,5.321676103625454
1992-12-01,4.096717887876098
1992-12-02,3.323198530307874
1992-12-03,4.4711097526850505
1992-12-04,5.273632766352747
1992-12-05,5.884175763771769
1992-12-06,6.63668117548168
1992-12-07,5.662422075296662
1992-12-08,4.247216549946764
1992-12-09,3.1579052966647487
1992-12-10,2.4664528137146045
1992-12-11,2.0281795832954432
1992-12-12,1.723099237747838
1992-12-13,1.4885909985803774
1992-12-14,1.3738081430737579
1992-12-15,1.660746666153209
1992-12-16,2.1332589059445537
1992-12-17,2.2730704733710234
1992-12-18,2.6786049184650778
1992-12-19,3.13770012088099
1992-12-20,3.264158073709354
1992-12-21,4.493498137012998
1992-12-22,5.460468117035894
1992-12-23,5.719869501242027
1992-12-24,4.3984742803991
1992-12-25,3.178385368171581
1992-12-26,2.816076052901727
1992-12-27,3.7063165778021423
1992-12-28,4.221916170879424
1992-12-29,3.377026848186772
1992-12-30,2.526448837023203
1992-12-31,2.077536733616234
1993-01-01,1.979180416032227
1993-01-02,2.0445992358311726
1993-01-03,2.2640216454174076
1993-01-04,3.9665945194864816
1993-01-05,4.694026862055367
1993-01-06,4.684794665033693
1993-01-07,5.605590188276231
1993-01-08,4.521834313294911
1993-01-09,3.2716569667141964
1993-01-10,2.989585328826676
1993-01-11,3.486367497216225
1993-01-12,3.3211807505516266
1993-01-13,3.863141532786914
1993-01-14,4.127194358144493
1993-01-15,6.299283920918149
1993-01-16,5.852103708858237
1993-01-17,5.835086241280362
1993-01-18,6.60509018825197
1993-01-19,7.775269847151923
1993-01-20,12.457770423715726
1993-01-21,10.680280523582041
1993-01-22,7.3920060078855645
1993-01-23,5.433509788122071
1993-01-24,4.690548465663387
1993-01-25,4.165947916058177
1993-01-26,3.5726297864969387
1993-01-27,3.045388325740978
1993-01-28,2.6444596331938657
1993-01-29,2.3332832014130203
1993-01-30,2.076640546334159
1993-01-31,1.8797068080549582
1993-02-01,1.7857972887693534
1993-02-02,1.6480541515259972
1993-02-03,1.533019952165155
1993-02-04,1.8548361471341224
1993-02-05,2.815063919485917
1993-02-06,3.4030647129223253
1993-02-07,3.041532353425294
1993-02-08,2.546985934391633
1993-02-09,2.339777222832334
1993-02-10,2.6335009686921618
1993-02-11,2.54947735183149
1993-02-12,2.20788500520164
1993-02-13,1.9429971684111864
1993-02-14,1.742505700459553
1993-02-15,1.567392883469464
1993-02-16,1.4113757033916745
1993-02-17,1.269599822213333
1993-02-18,1.1586628881905106
1993-02-19,1.127733082885653
1993-02-20,1.076949396533895
1993-02-21,0.9912634154865743
1993-02-22,1.0588246405925745
1993-02-23,1.834222583969631
1993-02-24,3.071915590463161
1993-02-25,4.013134055377438
1993-02-26,3.6316102431178416
1993-02-27,3.2102413856887875
1993-02-28,4.109844031455877
1993-03-01,4.660569008548972
1993-03-02,4.33280578023662
1993-03-03,5.359497287028274
1993-03-04,5.710535562029
1993-03-05,4.969739676598579
1993-03-06,4.205599739906989
1993-03-07,4.31545774226645
1993-03-08,3.853433799532222
1993-03-09,3.1981375122225244
1993-03-10,2.7223276015995705
1993-03-11,2.5452070854391065
1993-03-12,3.3772357805885704
1993-03-13,4.930309236099063
1993-03-14,4.8088028637059805
1993-03-15,3.8979471283902694
1993-03-16,3.4065719377379673
1993-03-17,4.108742516119618
1993-03-18,5.146358462147888
1993-03-19,4.840701847065344
1993-03-20,3.9299896759867794
1993-03-21,3.2296167759850567
1993-03-22,2.7606505619893
1993-03-23,2.560046409263135
1993-03-24,2.9844276842612505
1993-03-25,3.151190741850587
1993-03-26,4.056423575452057
1993-03-27,3.8529165165503527
1993-03-28,3.271727030817934
1993-03-29,3.5544957676910354
1993-03-30,4.162495034342085
1993-03-31,5.671639924905072
1993-04-01,10.500059999018184
1993-04-02,8.32200643417259
1993-04-03,5.693028733028339
1993-04-04,4.294672037595292
1993-04-05,3.521243799381821
1993-04-06,2.979888338253106
1993-04-07,2.6030520777902226
1993-04-08,2.2764837042691584
1993-04-09,1.9860799367744395
1993-04-10,1.7424743342990232
1993-04-11,1.537024307038219
1993-04-12,1.3648385892799846
1993-04-13,1.205603169333407
1993-04-14,1.0540953944073448
1993-04-15,0.9157211103524511
1993-04-16,0.8047049594312221
1993-04-17,0.7262179438097858
1993-04-18,0.6541146598800693
1993-04-19,0.587523547169466
1993-04-20,0.5257717806116142
1993-04-21,0.4683454803188821
1993-04-22,0.4148608071579739
1993-04-23,0.3650428094015883
1993-04-24,0.3187079512478766
1993-04-25,0.2801016680570291
1993-04-26,0.25853541281827147
1993-04-27,0.2233800835443148
1993-04-28,0.18866950317108083
1993-04-29,0.15800904939514576
1993-04-30,0.13283894734325497
1993-05-01,0.10980756023818414
1993-05-02,0.1050439623092227
1993-05-03,0.15349504212498488
1993-05-04,0.22585056700909661
1993-05-05,0.671458098482338
1993-05-06,0.9896129815591742
1993-05-07,0.6250456826407311
1993-05-08,0.48651905968615106
1993-05-09,0.46637169459394934
1993-05-10,0.8473573875477526
1993-05-11,5.846783994485
1993-05-12,11.36840748504532
1993-05-13,9.081995454841437
1993-05-14,6.1683484889492215
1993-05-15,4.582961509552901
1993-05-16,3.851002627664656
1993-05-17,3.842219842284633
1993-05-18,3.4259826967289504
1993-05-19,2.859793432678626
1993-05-20,2.4376556782990293
1993-05-21,2.2927833880460637
1993-05-22,2.836436081929159
1993-05-23,2.8663984963682214
1993-05-24,2.940979811051828
1993-05-25,3.6353931502106716
1993-05-26,3.9346458828229554
1993-05-27,3.8096096423733865
1993-05-28,3.5600435492631335
1993-05-29,3.205307086754002
1993-05-30,3.1984941914680123
1993-05-31,2.902493449824248
1993-06-01,2.4625000918088578
1993-06-02,2.1237678227019057
1993-06-03,2.286691390192674
1993-06-04,4.527357516443102
1993-06-05,4.643063178299691
1993-06-06,3.6441897044475997
1993-06-07,3.1764370669895676
1993-06-08,2.7924083396582944
1993-06-09,2.3929617233356337
1993-06-10,2.078035061862872
1993-06-11,1.8263009798382783
1993-06-12,1.6105381594160417
1993-06-13,1.4216548189898763
1993-06-14,1.2534270190474799
1993-06-15,1.1013175191648459
1993-06-16,0.9619503655559596
1993-06-17,0.8327574210877464
1993-06-18,0.7502700381060152
1993-06-19,0.6770806316879969
1993-06-20,0.60947709620864
1993-06-21,0.5467623466119963
1993-06-22,0.48840153644072476
1993-06-23,0.4339913672228958
1993-06-24,0.38406002644089754
1993-06-25,0.34556846523167456
1993-06-26,0.3290394278206953
1993-06-27,0.3540149427655855
1993-06-28,1.0024619277321785
1993-06-29,4.6359491735196565
1993-06-30,5.086861499013476
1993-07-01,3.714397648149108
1993-07-02,3.0428415716305635
1993-07-03,3.0995606318708613
1993-07-04,2.8465599305790343
1993-07-05,2.425238637348388
1993-07-06,2.101741058709448
1993-07-07,1.8544007566393073
1993-07-08,1.6407077253103588
1993-07-09,1.4532867637890992
1993-07-10,1.2862551446751576
1993-07-11,1.1349559937124862
1993-07-12,0.9961847157220266
1993-07-13,0.8674545627679666
1993-07-14,0.7655269693205982
1993-07-15,0.692662941291111
1993-07-16,0.6252078347337086
1993-07-17,0.5671346730704334
1993-07-18,0.5334840295052308
1993-07-19,0.5043801276434012
1993-07-20,0.46299123718038726
1993-07-21,0.41349504042216273
1993-07-22,0.36960040570403685
1993-07-23,0.3437362620830068
1993-07-24,0.31533964074856535
1993-07-25,0.2812488222630488
1993-07-26,0.24387410158107714
1993-07-27,0.20889863867765876
1993-07-28,0.17635451031153754
1993-07-29,0.14674132613001614
1993-07-30,0.1202640517989999
1993-07-31,0.09702174597185292
1993-08-01,0.07705240078903283
1993-08-02,0.06033852562309384
1993-08-03,0.04675099903980151
1993-08-04,0.03580414110288604
1993-08-05,0.027187327782666065
1993-08-06,0.02044944570349627
1993-08-07,0.015566199599376905
1993-08-08,0.013155383954536587
1993-08-09,0.01132428318544898
1993-08-10,0.008279512292046985
1993-08-11,0.005793594560542423
1993-08-12,0.00404917107049833
1993-08-13,0.00282601726554404
1993-08-14,0.0019715325079972795
1993-08-15,0.0013751806300503174
1993-08-16,0.0009591790176712947
1993-08-17,0.0006690346853087812
1993-08-18,0.00046667315022754717
1993-08-19,0.0003255294353757816
1993-08-20,0.0002279751861172006
1993-08-21,0.00016197495378404684
1993-08-22,0.00011332275939080927
1993-08-23,0.0000790551358392149
1993-08-24,0.00005514954017189658
1993-08-25,0.00003847273667856965
1993-08-26,0.000026838870294616988
1993-08-27,0.000018723008439282764
1993-08-28,0.00001306132898521992
1993-08-29,0.000009111700211328206
1993-08-30,0.000006356407597223785
1993-08-31,0.000004439064371053571
1993-09-01,0.000003112289752795339
1993-09-02,0.0000021728866448459456
1993-09-03,0.0000015189956769508745
1993-09-04,0.0000010700128983395252
1993-09-05,0.0000007476065321832595
1993-09-06,0.0000005215431553389202
1993-09-07,0.00000036383563385906314
1993-09-08,0.0000002558537329131878
1993-09-09,0.0000001852981299732472
1993-09-10,0.00000013016084951099383
1993-09-11,0.00000009104414614378635
1993-09-12,0.0000000645669769491573
1993-09-13,0.000000046232679389633556
1993-09-14,0.000000032385540519618193
1993-09-15,0.00000002259750481584796
1993-09-16,0.000000015766438758281978
1993-09-17,0.000000010999685682699704
1993-09-18,0.000000007789024618395477
1993-09-19,0.000000005824654182346394
1993-09-20,0.0000000041094257273332
1993-09-21,0.0000000033366676373309525
1993-09-22,0.004504551175470938
1993-09-23,2.3213401881669893
1993-09-24,4.254163061918059
1993-09-25,2.60129515318278
1993-09-26,2.114614911668734
1993-09-27,3.459166121517993
1993-09-28,3.3339435698439503
1993-09-29,2.46900517135128
1993-09-30,1.933106700218507
1993-10-01,1.7629540099025878
1993-10-02,2.165037881333214
1993-10-03,2.4049778464764735
1993-10-04,3.2902419113943813
1993-10-05,3.0627444268879143
1993-10-06,2.3052253178302045
1993-10-07,1.8242583346993766
1993-10-08,1.53884714908513
1993-10-09,1.315352567263079
1993-10-10,1.201297130206131
1993-10-11,1.391579973226498
1993-10-12,1.6101348610803004
1993-10-13,1.917358266012851
1993-10-14,1.9233886436408394
1993-10-15,2.035330589139764
1993-10-16,1.8951334866762033
1993-10-17,1.5453688538689652
1993-10-18,1.2919114098919355
1993-10-19,1.116259334691283
1993-10-20,1.0701779666658096
1993-10-21,1.4545142819875916
1993-10-22,1.5831382918229793
1993-10-23,1.3454378155124014
1993-10-24,1.301403122045615
1993-10-25,1.4520642945395579
1993-10-26,2.1074916575313343
1993-10-27,2.791371743501072
1993-10-28,2.5799155750193377
1993-10-29,2.054059595845117
1993-10-30,1.9305537658699086
1993-10-31,2.8108203608785076
1993-11-01,2.8810718351494073
1993-11-02,2.2653038830772325
1993-11-03,1.8049880019118942
1993-11-04,1.5282546254388132
1993-11-05,1.3165894762271086
1993-11-06,1.142222469953624
1993-11-07,0.9944368606141614
1993-11-08,0.8662190969238507
1993-11-09,0.7528050826095123
1993-11-10,0.6507582273722443
1993-11-11,0.557443299245698
1993-11-12,0.48509409967956757
1993-11-13,0.4807703449393557
1993-11-14,0.49762249479652537
1993-11-15,0.4327934113834608
1993-11-16,0.3487666591985003
1993-11-17,0.3156370494021323
1993-11-18,0.2946670727312035
1993-11-19,0.26425515761237833
1993-11-20,0.23383835708423967
1993-11-21,0.2052785219802283
1993-11-22,0.17851270101842084
1993-11-23,0.15350356521296535
1993-11-24,0.13028341400878807
1993-11-25,0.10884207815540299
1993-11-26,0.08918979587388054
1993-11-27,0.08910210659912901
1993-11-28,0.21632460861686034
1993-11-29,0.7896640148185546
1993-11-30,1.7331441778147878
1993-12-01,4.139866373375734
1993-12-02,4.031568426602148
1993-12-03,2.8382567082786467
1993-12-04,2.3026440010144364
1993-12-05,2.531141700019153
1993-12-06,2.688047852364515
1993-12-07,4.5363826542503025
1993-12-08,7.143826431692488
1993-12-09,7.344271919870927
1993-12-10,5.9815037080647695
1993-12-11,5.912522511365667
1993-12-12,7.40720032648891
1993-12-13,7.741545919120334
1993-12-14,9.599242496476418
1993-12-15,11.398864779518957
1993-12-16,13.188343129700854
1993-12-17,12.042792517571723
1993-12-18,12.31502665012175
1993-12-19,11.766255681953723
1993-12-20,8.652708863022406
1993-12-21,6.430616108681537
1993-12-22,5.5084831843452235
1993-12-23,5.104182003042646
1993-12-24,5.345691637538826
1993-12-25,6.078655795636003
1993-12-26,5.1580379622806
1993-12-27,4.200689238665394
1993-12-28,4.589342757226159
1993-12-29,6.460173140078282
1993-12-30,5.706122261700541
1993-12-31,4.771762595437572
1994-01-01,4.660637635250287
1994-01-02,4.394306877445112
1994-01-03,3.7135461020571143
1994-01-04,3.216970269422713
1994-01-05,4.754965257986305
1994-01-06,17.93051446912982
1994-01-07,22.192159749224672
1994-01-08,12.730549746220058
1994-01-09,8.108083753464783
1994-01-10,5.74998940322695
1994-01-11,4.489690387627034
1994-01-12,3.821522297807691
1994-01-13,3.272090578322775
1994-01-14,2.8066510228799277
1994-01-15,2.44774749573181
1994-01-16,2.1605378389659533
1994-01-17,1.9170915525236354
1994-01-18,1.706152113258757
1994-01-19,1.520461176886554
1994-01-20,1.452537330055728
1994-01-21,1.8241641748575117
1994-01-22,2.1720677799978816
1994-01-23,2.3785010188246036
1994-01-24,2.491022166129917
1994-01-25,2.2828922463719246
1994-01-26,2.253558416446675
1994-01-27,3.8938481793683435
1994-01-28,7.936240316624661
1994-01-29,8.017085582172507
1994-01-30,10.084609938186908
1994-01-31,8.131437518841732
1994-02-01,5.7895639463000945
1994-02-02,4.407887778393135
1994-02-03,3.6219542502365307
1994-02-04,3.0740146420767323
1994-02-05,2.6561582901042238
1994-02-06,2.322246462841014
1994-02-07,2.046026152162517
1994-02-08,1.8110699721549797
1994-02-09,1.6070968150456757
1994-02-10,1.4269611070847248
1994-02-11,1.2649057337194027
1994-02-12,1.1169273327806826
1994-02-13,1.0076557545977103
1994-02-14,1.0040675705238284
1994-02-15,0.9702467073123024
1994-02-16,0.9331942577045249
1994-02-17,0.8641771430050454
1994-02-18,0.738617312020045
1994-02-19,0.6782221223433744
1994-02-20,0.6454192615528951
1994-02-21,0.5894504901036444
1994-02-22,0.5324056803393993
1994-02-23,0.4786746190988478
1994-02-24,0.4280655007675426
1994-02-25,0.38045784592580834
1994-02-26,0.335741123206066
1994-02-27,0.2938092234401854
1994-02-28,0.2546687420159062
1994-03-01,0.2288905926066941
1994-03-02,0.24473732813462223
1994-03-03,0.23829195818560844
1994-03-04,0.29738928183821267
1994-03-05,0.3677810684342324
1994-03-06,0.3470940427661202
1994-03-07,0.3117556933196051
1994-03-08,0.28277072432532346
1994-03-09,0.2719878841527277
1994-03-10,0.2569274883291768
1994-03-11,0.2923947221371167
1994-03-12,0.2912013246529467
1994-03-13,0.36143406074661566
1994-03-14,0.3452715032404582
1994-03-15,0.31177091546054847
1994-03-16,0.453592269240631
1994-03-17,3.513722251245872
1994-03-18,5.147850963402595
1994-03-19,4.722586944839363
1994-03-20,5.8203602103933365
1994-03-21,7.050626505399313
1994-03-22,5.708939146962511
1994-03-23,4.3530822922722585
1994-03-24,3.630093549558122
1994-03-25,3.116723356609861
1994-03-26,2.687470621792593
1994-03-27,2.3454861582135536
1994-03-28,2.066567859439032
1994-03-29,1.8835477032231136
1994-03-30,2.154824947751467
1994-03-31,3.273363646455933
1994-04-01,3.6254471711837013
1994-04-02,4.6740527681863355
1994-04-03,4.344921806574
1994-04-04,3.4744102983805076
1994-04-05,2.8829670295692873
1994-04-06,2.4939224648298937
1994-04-07,2.1792420754808393
1994-04-08,1.922533069263177
1994-04-09,1.724064445145609
1994-04-10,1.5368057556853765
1994-04-11,1.355131950237081
1994-04-12,1.1934251435350447
1994-04-13,1.047942507543714
1994-04-14,0.9137341866914296
1994-04-15,0.7996784402421092
1994-04-16,0.7229503811393322
1994-04-17,0.6521860746697214
1994-04-18,0.586620201308686
1994-04-19,0.5256626408247491
1994-04-20,0.46885465704158824
1994-04-21,0.41584859013211434
1994-04-22,0.3663934595125472
1994-04-23,0.32032236272480497
1994-04-24,0.2775410423917307
1994-04-25,0.23801711963831013
1994-04-26,0.20176719829026024
1994-04-27,0.16884390138962302
1994-04-28,0.13931715507387493
1994-04-29,0.11326225707890988
1994-04-30,0.09072414482973246
1994-05-01,0.07158772689331959
1994-05-02,0.05574698763127318
1994-05-03,0.042950033267311255
1994-05-04,0.038511067887386154
1994-05-05,0.07341048951783224
1994-05-06,0.0729395589837653
1994-05-07,0.073336727927164
1994-05-08,0.06204635209871022
1994-05-09,0.05548091524394384
1994-05-10,0.043790019796547786
1994-05-11,0.03330902307200651
1994-05-12,0.025049537525505903
1994-05-13,0.018755011023446285
1994-05-14,0.014027386431048353
1994-05-15,0.010423111029300434
1994-05-16,0.007588389378614087
1994-05-17,0.005348487701561249
1994-05-18,0.0037293797282439787
1994-05-19,0.002599858699456706
1994-05-20,0.0018128097627253862
1994-05-21,0.0012642069580566559
1994-05-22,0.0008822834753037048
1994-05-23,0.0006188876416199988
1994-05-24,0.0004373012197740074
1994-05-25,0.0003056465153019096
1994-05-26,0.0002132128525162598
1994-05-27,0.00014873426243280628
1994-05-28,0.00010375591365079751
1994-05-29,0.0000723798889812257
1994-05-30,0.00005049230747152919
1994-05-31,0.00003522363621746848
1994-06-01,0.00002457221890512328
1994-06-02,0.000017141760166550096
1994-06-03,0.00001195823390738355
1994-06-04,0.000008342170971871081
1994-06-05,0.00000581957702477046
1994-06-06,0.000004059793649760862
1994-06-07,0.0000028321525537452186
1994-06-08,0.000001975738333991672
1994-06-09,0.000001378295314390959
1994-06-10,0.0000009620267928766046
1994-06-11,0.0000006731891291958191
1994-06-12,0.0000004748121343866696
1994-06-13,0.00000035362997439566707
1994-06-14,0.00000029277697623130897
1994-06-15,0.0000002432220407984277
1994-06-16,0.0000001742038807465838
1994-06-17,0.00000012167370117713667
1994-06-18,0.00000008491900098539198
1994-06-19,0.000000059250326381586234
1994-06-20,0.000000041336503501327744
1994-06-21,0.00000002883763761393276
1994-06-22,0.000000020302939398309938
1994-06-23,0.000000014781637693643167
1994-06-24,0.00000001038363627064831
1994-06-25,0.00000000735189060398764
1994-06-26,0.000000005533022625551528
1994-06-27,0.000000004037912597534719
1994-06-28,0.0000000028341148294814207
1994-06-29,0.0000000019779527268526077
1994-06-30,0.0000000013800880194842562
1994-07-01,0.0000000009628318043078828
1994-07-02,0.0000000006716975689264743
1994-07-03,0.0000000004730962193228293
1994-07-04,0.00000000034509878297130764
1994-07-05,0.0000000002424656181280255
1994-07-06,0.0000000001691540952294987
1994-07-07,0.00000000011800517430901858
1994-07-08,0.00000000008232192485391577
1994-07-09,0.000000000057428689065798245
1994-07-10,0.00000000004006286547270308
1994-07-11,0.000000000027948277491423493
1994-07-12,0.00000000001949701236721855
1994-07-13,0.000000000013601320793616092
1994-07-14,0.000000000009488424361815783
1994-07-15,0.000000000006619224574596744
1994-07-16,0.00000000000461764063813922
1994-07-17,0.000000000003221314644082815
1994-07-18,0.000000000002247222953930007
1994-07-19,0.0000000000015676863524619923
1994-07-20,0.000000000001095898781919351
1994-07-21,0.0000000000007722120846906575
1994-07-22,0.0000000000005409475590147147
1994-07-23,0.0000000000003789173809821897
1994-07-24,0.00000000000026450173259676896
1994-07-25,0.00000000000018452336359977628
1994-07-26,0.00000000000012872673919564655
1994-07-27,0.00000000000008980147205541428
1994-07-28,0.00000000000006264654059644994
1994-07-29,0.000000000000043793279221343924
1994-07-30,0.000000000000037083765978977376
1994-07-31,0.0006937927472285423
1994-08-01,0.0005281585013557642
1994-08-02,0.00022697676876495
1994-08-03,0.0015023435641580462
1994-08-04,0.0019215512731536209
1994-08-05,0.0007406209565267287
1994-08-06,0.0004340968140293403
1994-08-07,0.0038973785816204076
1994-08-08,0.0027131484136133977
1994-08-09,0.001004439695606955
1994-08-10,0.0002427060525183322
1994-08-11,0.00002470155448857608
1994-08-12,0.00000014059822365207054
1994-08-13,0.000000000000009355307261441373
1994-08-14,0.00000000000000652680607843122
1994-08-15,0.000000000000004555412862374845
1994-08-16,0.0000000000000031848530878433753
1994-08-17,0.000000000000002222579003621768
1994-08-18,0.0000000000000015505054509291096
1994-08-19,0.0000000000000010842735666077667
1994-08-20,0.0000000000000007712874721179023
1994-08-21,0.0000000000000005600540202338392
1994-08-22,0.00000000000000039312758696065953
1994-08-23,0.0000000000000002742798097773231
1994-08-24,0.00000000000000019135029043674457
1994-08-25,0.00000000000000013349116338137426
1994-08-26,0.00000000000000009363043419678493
1994-08-27,0.00000000000000006698333391971418
1994-08-28,0.00000000000000004691717856147687
1994-08-29,0.00000000000000003273133382716617
1994-08-30,0.000000000000000022834204167482377
1994-08-31,0.000000000000000016235564559526525
1994-09-01,0.000000000000000012376595721695696
1994-09-02,0.000000000000000008759140168569094
1994-09-03,0.000000000000000006112322972879615
1994-09-04,0.000000000000000004264693429417259
1994-09-05,0.000000000000000003064515171414032
1994-09-06,0.0000000000000000025297863838456534
1994-09-07,0.000000000000000002081876971161365
1994-09-08,0.0000000000000000014888043294369787
1994-09-09,0.0000000000000000010403193354785012
1994-09-10,0.0000000000000000007264227481374658
1994-09-11,0.0000000000000000005070127027586258
1994-09-12,0.00000000000000000035378557239467055
1994-09-13,0.0000000000000000002468355089291418
1994-09-14,0.0000000000000000001722057990917063
1994-09-15,0.0000000000000000001201361623943128
1994-09-16,0.0000000000000000000838093972686637
1994-09-17,0.00000000000000000005846669002150989
1994-09-18,0.000000000000000000040787120527761444
1994-09-19,0.00000000000000000002845357329222116
1994-09-20,0.00000000000000000001984952998879902
1994-09-21,0.000000000000000000013851791492384487
1994-09-22,0.00000000000000000000968551345523462
1994-09-23,0.000000000000000000006783039296339306
1994-09-24,0.000000000000000000004734670184090024
1994-09-25,0.000000012263067566737197
1994-09-26,0.035627907044175317
1994-09-27,1.0106271044193715
1994-09-28,0.6187171827326374
1994-09-29,0.19070168234499196
1994-09-30,0.3022289400003065
1994-10-01,0.3981745884355838
1994-10-02,0.26624804281932213
1994-10-03,0.23976435764845422
1994-10-04,0.2372085479053604
1994-10-05,0.3038961576479489
1994-10-06,0.680861804942043
1994-10-07,0.9648514742212162
1994-10-08,1.1098742146831266
1994-10-09,1.510714689711084
1994-10-10,1.636331413816558
1994-10-11,1.486634836612922
1994-10-12,1.7530565907559166
1994-10-13,2.4791182470295983
1994-10-14,4.476517217725219
1994-10-15,5.243867825403841
1994-10-16,4.010961801265734
1994-10-17,3.189482551810797
1994-10-18,2.6310683327084203
1994-10-19,2.2626478724947536
1994-10-20,1.9251413298430604
1994-10-21,1.6187521238013036
1994-10-22,1.3909203098108354
1994-10-23,1.237840940483048
1994-10-24,1.0947095815695962
1994-10-25,0.9673915184732076
1994-10-26,0.9364632651757503
1994-10-27,0.9512148076163829
1994-10-28,0.8730549177083877
1994-10-29,0.7377925850501023
1994-10-30,0.6255325198447705
1994-10-31,0.5315562817474291
1994-11-01,0.4439140593925521
1994-11-02,0.3694915303592627
1994-11-03,0.33000893571453377
1994-11-04,0.29355342694184483
1994-11-05,0.25978565040188617
1994-11-06,0.22843171556690425
1994-11-07,0.19927944145161633
1994-11-08,0.17812434820339051
1994-11-09,0.17896308429542693
1994-11-10,0.15756131285191058
1994-11-11,0.13381414467579578
1994-11-12,0.15616941089632122
1994-11-13,0.6233673304455856
1994-11-14,1.4111975533354253
1994-11-15,1.4707753463140176
1994-11-16,1.8375667258538373
1994-11-17,2.376331528380801
1994-11-18,3.33531154824622
1994-11-19,3.1661317044890556
1994-11-20,2.4337086291446406
1994-11-21,1.9380888297923469
1994-11-22,1.6426816214833366
1994-11-23,1.5591205891594713
1994-11-24,2.0884823679364204
1994-11-25,2.2385520459776957
1994-11-26,2.546586346206724
1994-11-27,7.261826331305518
1994-11-28,9.165540521191046
1994-11-29,6.0208810818823935
1994-11-30,4.08620889531583
1994-12-01,3.0596027571108086
1994-12-02,2.4190295296347344
1994-12-03,1.9925484074827937
1994-12-04,1.6940509179204806
1994-12-05,1.5663908985728519
1994-12-06,2.3668222186641708
1994-12-07,5.723978661012214
1994-12-08,7.075766044069382
1994-12-09,6.214933232512451
1994-12-10,4.832482814423549
1994-12-11,5.2535925773374
1994-12-12,6.861853263981655
1994-12-13,5.783187014929085
1994-12-14,4.72207904156112
1994-12-15,4.918550378738317
1994-12-16,5.986653627193242
1994-12-17,5.385123363583684
1994-12-18,6.785687287000454
1994-12-19,5.933536819977157
1994-12-20,4.68322038871398
1994-12-21,4.1987077471688625
1994-12-22,3.698844216224069
1994-12-23,3.3465135927313208
1994-12-24,2.7435778488680893
1994-12-25,2.373474443949322
1994-12-26,2.9420188671265466
1994-12-27,3.1106949898333567
1994-12-28,2.771915653537805
1994-12-29,2.2740593009159933
1994-12-30,1.8639233538606004
